Order,Family,Species,Trophic_Group,OP1,OP2,OP3,OP4,OP5,OP6,OP7,OP8,OP9,OP10,OP11,OP12,OP13,OP14,OP15,RP1,RP2,RP3,RP4,RP5,RP6,RP7,RP8,RP9,RP10,RP11,RP12,RP13,RP14,RP15,TP1,TP2,TP3,TP4,TP5,TP6,TP7,TP8,TP9,TP10,TP11,TP12,TP13,TP14,TP15,IS1,IS2,IS3,IS4,IS5,IS6,IS7,IS8,IS9,IS10,IS11,IS12,IS13,IS14,IS15,PS1,PS2,PS3,PS4,PS5,PS6,PS7,PS8,PS9,PS10,PS11,PS12,PS13,PS14,PS15
Hemiptera,Delphacidae,Stenocranus matsumurai,leaf sucker,3,0,6,5,3,7,12,11,5,4,10,6,10,5,8,14,11,8,0,2,4,2,1,1,0,0,2,0,4,5,0,0,0,2,2,1,0,0,0,0,0,0,3,0,0,1,3,1,0,0,0,0,0,0,0,0,0,0,0,0,0,0,0,0,1,0,0,0,0,0,0,0,1,0,1
Hemiptera,Delphacidae,Terauchiana nigripennis,leaf sucker,0,0,0,0,0,0,0,0,0,0,0,0,0,0,0,0,0,0,0,0,0,0,0,0,0,0,0,0,0,0,0,0,1,0,2,1,1,3,0,1,2,0,0,2,1,0,0,0,0,0,0,0,0,0,0,0,0,0,0,2,2,2,16,11,14,4,5,1,4,7,3,13,4,4,4
Hemiptera,Delphacidae,Euides speciosa,leaf sucker,3,0,0,0,0,0,0,0,1,1,1,0,0,0,0,0,0,0,0,0,0,0,0,0,0,0,3,0,0,0,2,10,0,0,0,0,0,0,0,1,0,0,0,0,0,0,0,0,0,0,0,0,0,0,0,0,0,0,0,0,0,0,1,1,0,1,0,0,0,0,0,0,0,0,0
Hemiptera,Delphacidae,Delphacidae A,leaf sucker,1,0,0,0,0,0,0,0,0,0,0,0,0,0,0,0,0,0,0,0,0,0,0,0,0,0,0,0,0,0,2,0,0,0,0,0,0,0,0,0,0,0,0,0,0,0,0,0,0,0,0,0,0,0,0,0,0,0,0,0,0,0,0,0,0,0,0,0,0,0,0,0,0,0,0
Hemiptera,Delphacidae,Delphacidae B,leaf sucker,0,0,0,0,0,0,1,0,0,0,0,0,0,0,0,0,0,0,0,0,0,0,0,0,0,0,1,0,0,0,0,0,0,0,0,0,0,0,0,0,0,0,0,0,0,0,0,0,0,0,0,0,0,0,0,0,0,0,0,0,0,0,0,0,0,0,0,0,0,0,0,0,0,0,0
Hemiptera,Blissidae,Dimorphopterus pallipes,leaf sucker,2,0,2,2,4,3,2,3,1,3,3,0,1,2,1,3,6,0,5,7,0,20,7,6,2,17,5,1,4,2,18,0,14,17,18,6,18,3,12,2,2,14,1,3,27,0,0,0,0,0,0,0,0,0,0,0,0,0,0,0,69,70,14,11,27,27,39,2,3,7,24,10,5,1,4
Hemiptera,Lygaeidae,Nysius sp.,leaf sucker,0,0,0,0,0,0,0,0,0,0,0,0,0,0,0,0,0,0,1,0,0,0,0,0,0,0,0,0,0,0,0,0,0,0,0,1,0,0,0,0,0,0,0,0,1,0,0,0,0,0,0,0,0,1,0,0,0,0,0,0,0,0,0,0,0,0,0,0,0,0,0,0,0,0,0
Hemiptera,Lygaeidae,Lygaeidae A,leaf sucker,0,0,0,0,0,0,0,0,0,0,0,0,0,0,0,1,0,1,0,0,0,0,4,0,0,0,0,0,0,1,0,1,0,0,0,0,0,0,0,0,1,0,0,0,0,0,0,0,0,0,0,0,0,0,0,0,0,1,0,0,0,0,0,0,0,0,0,0,0,0,0,0,0,0,0
Hemiptera,Miridae,Taylorilygus apicalis,leaf sucker,0,0,0,0,0,0,0,0,0,0,0,0,0,0,0,5,0,1,1,3,1,0,4,0,1,0,0,0,0,0,0,1,1,0,0,0,0,0,0,0,1,0,5,0,1,0,0,0,0,0,0,0,0,0,0,0,0,0,0,0,0,0,0,0,0,0,0,0,0,0,0,0,0,0,0
Hemiptera,Tingidae,Corythucha marmorata,leaf sucker,0,0,0,0,0,3,0,0,0,1,0,0,1,0,0,0,4,0,7,40,1,3,8,0,34,8,2,2,74,9,1,52,59,0,35,14,0,86,28,18,42,7,1,42,20,0,0,1,0,0,0,0,0,0,0,0,0,0,0,1,0,1,0,0,0,0,0,0,0,0,0,0,0,0,0
Hemiptera,Tingidae,Tingidae A,leaf sucker,0,0,0,0,0,0,0,0,0,0,0,0,0,0,0,1,0,0,0,0,2,0,6,1,0,0,0,0,0,2,0,0,0,0,0,0,0,0,0,0,0,0,0,0,0,0,0,0,0,0,0,0,0,0,0,0,0,0,0,0,0,0,0,0,0,0,0,0,0,0,0,0,0,0,0
Hemiptera,Anthocoridae,Orius sp.,non-spider predator,1,0,0,0,0,1,1,1,0,0,1,0,0,0,0,17,7,1,0,8,4,1,1,6,6,1,4,0,1,2,2,1,1,0,1,1,2,0,0,1,1,0,0,0,0,0,0,0,0,0,2,1,0,0,0,0,0,0,0,0,0,1,0,0,1,4,0,0,0,0,3,1,4,0,0
Hemiptera,Anthocoridae,Blaptostethoides esakii,non-spider predator,0,0,0,0,0,0,0,0,0,0,0,0,0,0,0,0,1,0,0,2,0,0,0,0,0,0,0,0,0,0,0,0,0,0,0,0,0,0,1,0,0,0,0,3,2,0,0,0,0,0,0,0,0,0,0,0,0,0,0,0,0,0,0,0,0,0,0,0,0,0,0,0,2,0,0
Hemiptera,Nabidae,Nabidae A,non-spider predator,0,0,0,0,0,0,0,0,1,0,0,0,0,0,0,0,0,0,0,0,0,0,0,0,0,0,0,0,0,0,0,0,0,0,0,0,0,1,0,0,0,0,0,0,0,0,0,0,0,0,0,0,0,0,0,0,0,0,0,0,0,0,0,0,0,0,0,0,0,1,0,0,0,0,0
Hemiptera,Meenoplidae,Nisia atrovenosa,leaf sucker,2,0,0,0,0,0,0,3,0,3,0,0,2,0,0,0,0,0,0,0,0,0,0,0,0,0,0,0,0,0,0,0,0,0,0,0,0,0,0,0,0,0,0,0,0,0,0,0,0,0,0,0,0,0,0,0,0,0,0,0,0,0,0,0,7,0,0,0,0,0,0,0,0,0,0
Hemiptera,Rhopalidae,Rhopalidae A,leaf sucker,0,0,0,0,0,0,0,0,0,0,0,0,0,0,0,0,0,0,0,0,0,0,0,0,0,0,0,0,0,0,0,0,0,0,0,0,0,0,0,0,0,0,0,0,0,0,0,0,0,0,0,0,0,0,0,1,0,0,0,0,0,0,0,0,0,0,0,0,0,0,0,0,0,0,0
Hemiptera,Aphididae,Aphididae A,leaf sucker,0,0,0,0,0,0,0,0,0,0,0,0,0,0,0,0,0,0,0,0,0,0,0,0,0,0,0,0,0,0,0,0,0,0,0,0,0,0,0,0,0,0,0,0,0,0,0,0,0,0,0,0,0,2,0,0,0,0,0,0,0,0,0,0,0,0,0,0,0,0,0,0,0,0,0
Hemiptera,Derbidae,Derbidae A,leaf sucker,0,0,0,0,0,0,0,0,0,0,0,0,0,0,0,0,0,0,0,0,0,0,0,0,0,0,0,0,0,0,5,15,6,1,7,2,0,1,3,2,2,0,2,1,1,0,0,0,0,0,0,0,0,0,0,0,0,0,0,0,0,0,0,0,0,0,0,0,0,0,0,0,0,0,0
Hemiptera,Cicadellidae,Dikraneurini A,leaf sucker,0,0,0,0,0,0,0,0,0,0,0,0,0,0,0,0,1,0,0,0,0,0,0,0,0,0,0,0,0,4,1,0,0,0,2,0,0,0,0,9,1,1,1,0,0,0,0,0,0,0,0,0,0,0,0,0,0,0,0,0,0,0,0,1,0,0,0,0,0,0,0,0,0,0,0
Hemiptera,Cicadellidae,Varta longala,leaf sucker,0,0,0,0,0,0,0,0,0,0,0,0,0,0,0,0,0,0,0,0,0,0,0,0,0,0,0,0,0,0,0,0,0,0,0,1,0,0,0,0,0,0,0,0,0,4,7,3,5,6,7,3,4,5,6,1,2,2,2,2,3,0,2,0,1,0,2,1,1,1,2,1,0,0,0
Hemiptera,Cicadellidae,Cicadellidae A,leaf sucker,0,0,0,0,0,0,0,0,0,0,0,0,0,0,0,0,0,0,0,0,0,0,0,0,0,0,0,0,0,0,0,1,0,0,0,0,0,0,0,0,0,0,0,0,0,0,1,0,0,0,0,0,0,0,0,0,0,0,0,0,0,0,0,0,0,0,0,0,0,0,0,0,0,0,0
Hemiptera,Cicadellidae,Cicadellidae B,leaf sucker,0,0,0,0,0,0,0,0,0,0,0,0,0,0,0,0,0,0,0,0,0,0,0,0,0,0,0,0,0,0,0,0,1,0,0,0,0,0,0,0,0,0,0,0,0,0,0,0,0,0,0,0,0,0,0,0,0,0,0,0,0,0,0,0,0,0,0,0,0,0,0,0,0,0,0
Hemiptera,Cicadellidae,Cicadellidae C,leaf sucker,0,0,0,0,0,0,0,0,0,0,0,0,0,0,0,0,0,0,0,0,0,0,0,0,0,0,0,0,0,1,0,1,0,0,0,0,0,0,0,0,0,0,0,0,0,0,0,0,0,0,0,0,0,0,0,0,0,0,0,0,0,0,0,0,0,0,0,0,0,0,0,0,0,0,0
Hemiptera,Cicadellidae,Cicadellidae D,leaf sucker,0,0,0,0,0,0,0,0,0,0,0,0,0,0,0,0,0,0,0,0,0,0,0,0,0,0,0,0,0,0,0,0,0,0,0,0,0,0,0,0,0,0,0,0,0,0,1,0,0,1,0,1,1,0,0,0,1,0,0,1,1,0,0,0,0,0,0,0,0,0,0,0,0,0,0
Hemiptera,Cicadellidae,Cicadellidae E,leaf sucker,0,0,0,0,0,0,0,0,0,0,0,0,0,0,0,0,0,0,0,0,0,0,0,0,0,0,0,0,0,0,0,0,0,0,0,0,0,0,0,0,0,0,0,0,0,0,0,0,0,0,0,0,0,0,1,0,0,0,0,0,0,0,0,0,0,0,0,0,0,0,0,0,0,0,0
Hemiptera,Cicadellidae,Cicadellidae F,leaf sucker,0,0,0,0,0,0,0,0,0,0,0,0,0,0,0,0,0,0,0,0,0,0,0,0,0,0,0,0,0,0,0,0,1,0,2,0,0,0,0,0,0,0,1,0,0,0,0,0,0,0,0,0,0,0,0,0,0,0,0,0,0,0,0,0,0,0,0,0,0,0,0,0,0,0,0
Hemiptera,Cicadellidae,Cicadellidae G,leaf sucker,0,0,0,0,0,0,0,0,0,0,0,0,0,0,0,0,0,0,0,0,0,0,0,0,0,0,0,0,0,0,0,0,1,0,0,0,0,0,0,0,0,0,0,0,0,0,0,0,0,0,0,0,0,0,0,0,0,0,0,0,0,0,0,0,0,0,0,0,0,0,0,0,0,0,0
Hemiptera,Cicadellidae,Cicadellidae H,leaf sucker,0,0,0,0,0,0,0,0,2,0,0,0,0,1,0,0,0,0,0,0,0,0,0,0,0,0,0,0,0,0,0,0,0,0,0,0,0,0,0,0,0,0,0,0,0,0,0,0,0,0,0,0,0,0,0,0,0,0,0,0,0,0,0,0,0,0,0,0,0,0,0,0,0,0,0
Hemiptera,Cicadellidae,Cicadellidae I,leaf sucker,0,0,0,0,0,0,0,0,0,0,0,0,0,0,0,0,0,0,0,0,0,0,0,0,0,0,0,0,0,0,0,0,1,0,0,0,0,0,0,0,0,0,0,0,0,0,0,0,0,0,0,0,0,0,0,0,0,0,0,0,0,0,0,0,0,0,0,0,0,0,0,0,0,0,0
Collembola,Entomobryidae, Entomobryidae A,detritivore,0,0,0,0,0,0,0,0,0,0,0,0,0,0,0,0,0,1,0,0,0,0,0,0,0,0,0,0,0,0,3,0,3,1,1,0,0,1,0,0,0,0,0,0,0,0,0,0,0,1,0,0,0,0,0,0,0,0,1,0,0,0,0,0,0,0,1,0,0,1,2,0,2,0,0
Dermaptera,Chelisochidae,Proreus simulans,non-spider predator,0,0,0,0,0,0,0,0,0,0,0,1,0,0,0,0,0,1,6,6,2,1,2,1,0,1,1,1,5,0,3,2,3,1,0,2,4,1,1,0,0,0,0,0,0,0,0,0,0,0,0,0,0,0,0,0,0,0,0,0,0,0,0,0,0,1,0,0,0,0,0,1,0,0,0
Dermaptera,Forficulidae,Opisthocosmiinae A,non-spider predator,2,0,0,0,0,0,0,0,0,0,0,0,0,0,0,0,1,1,1,0,0,3,0,0,2,1,0,0,1,0,0,3,2,0,0,1,0,3,0,0,0,1,0,1,1,0,0,0,0,1,1,0,0,0,0,0,0,0,0,0,0,0,0,1,3,1,0,1,1,0,0,0,0,1,0
Dermaptera,Forficulidae,Forficulidae A,non-spider predator,0,0,0,0,1,0,0,0,0,0,1,0,0,0,0,0,0,0,0,2,0,1,3,2,4,2,1,0,1,1,0,3,1,2,2,0,0,0,1,0,1,2,0,1,0,0,0,0,0,0,3,0,0,0,0,0,0,0,0,0,4,0,3,0,0,0,0,2,1,0,2,1,0,1,2
Lepidoptera,Heliozelidae,Heliozelidae A,leaf chewer,0,0,0,1,0,3,2,0,1,0,0,1,0,0,0,19,7,1,5,2,4,3,11,5,9,2,0,1,1,0,4,2,2,3,0,3,1,11,0,0,4,1,0,1,2,0,0,0,0,0,0,0,0,0,1,0,0,0,0,0,0,3,0,0,1,0,0,1,1,1,1,1,0,1,0
Lepidoptera,Lymantriidae,Laelia coenosa,leaf chewer,0,0,0,0,0,0,0,0,0,0,0,0,0,0,0,0,0,0,0,0,0,1,0,0,1,0,0,0,0,0,2,3,1,0,0,0,1,0,0,0,0,0,0,0,2,0,0,0,0,0,0,0,0,0,0,0,0,0,0,0,0,2,0,0,0,0,0,0,0,0,0,0,0,0,0
Lepidoptera,Lycaenidae,Lycaena phlaeas,leaf chewer,0,0,0,0,0,0,0,0,0,0,0,0,0,0,0,0,1,0,0,0,0,0,0,0,0,0,0,0,0,0,0,1,0,0,0,0,0,0,0,0,0,0,0,0,0,0,0,0,0,0,0,0,0,0,0,0,0,0,0,0,0,0,0,0,0,0,0,0,0,0,0,0,0,0,0
Lepidoptera,Pyralidae,Pyralidae A,leaf chewer,0,0,0,0,0,0,0,0,0,0,0,0,0,2,0,2,1,1,0,1,0,0,0,0,0,0,0,0,0,0,0,0,0,0,0,0,0,0,0,0,0,0,0,0,0,0,0,0,0,0,0,0,0,0,0,0,0,0,0,1,0,0,0,0,0,0,0,0,0,0,0,0,0,0,0
Lepidoptera,Pyralidae,Pyralidae B,leaf chewer,0,0,0,0,0,0,0,0,0,0,0,1,0,0,0,0,0,0,0,0,0,0,1,0,0,0,0,0,1,1,0,0,0,0,0,0,0,0,0,0,0,0,0,0,0,0,1,0,0,0,0,0,0,0,0,0,0,0,0,0,0,0,0,0,0,0,0,0,0,0,0,0,0,0,0
Lepidoptera,Pyralidae,Pyralidae C,leaf chewer,0,0,0,0,0,0,0,0,0,0,0,0,0,0,0,0,0,0,0,0,0,0,0,0,0,0,0,0,0,0,0,0,0,0,0,0,0,0,0,0,0,0,0,0,0,0,0,0,1,0,0,0,0,0,0,0,0,0,0,0,0,0,0,0,0,0,0,0,0,0,0,0,0,0,0
Hymenoptera,Chalcidiae,Chalcididae A,parasitoid,0,0,0,0,0,0,0,0,0,0,0,0,0,0,0,1,1,1,1,5,1,2,1,0,0,0,2,1,0,0,0,1,1,0,1,1,1,0,0,0,0,1,1,0,0,0,0,0,1,0,0,0,0,0,0,0,0,0,0,0,4,0,2,1,5,0,0,2,1,1,0,0,1,0,0
Hymenoptera,Mymaridae,Mymaridae A,parasitoid,0,0,0,0,0,1,0,0,1,0,4,2,7,3,0,0,1,0,0,0,0,0,0,0,0,0,0,0,0,0,0,0,0,0,0,0,0,0,0,0,1,0,0,0,0,22,42,25,61,44,25,56,56,11,21,7,6,16,11,13,15,2,4,8,11,6,12,30,23,28,13,1,22,11,5
Hymenoptera,Mymaridae,Mymaridae B,parasitoid,0,0,0,7,2,0,0,0,5,0,0,3,1,0,5,0,0,0,0,0,0,0,0,0,0,0,0,0,0,0,1,0,0,3,1,0,0,0,0,1,0,0,0,0,0,0,47,20,70,13,31,40,47,9,15,5,9,8,1,2,5,0,5,3,3,4,8,19,18,15,1,5,15,15,4
Hymenoptera,Mymaridae,Mymaridae C,parasitoid,2,0,0,0,0,0,0,0,0,0,0,0,3,3,1,0,0,0,0,0,0,0,0,0,0,0,0,0,0,0,0,0,0,0,0,0,2,0,0,0,0,0,0,0,0,0,0,0,0,1,0,0,1,0,0,0,0,0,0,0,0,0,0,0,0,0,0,0,0,0,0,0,0,0,0
Hymenoptera,Eulophidae,Aprostocetus sp.1,parasitoid,1,0,2,0,0,0,0,0,0,0,2,0,0,3,0,3,7,2,3,2,0,0,1,4,0,5,0,2,4,2,0,0,0,0,0,0,0,0,0,0,0,0,0,0,0,0,0,0,0,0,0,0,0,0,0,0,0,0,0,0,0,0,0,0,0,0,0,0,0,0,0,0,0,0,0
Hymenoptera,Eulophidae,Aprostocetus sp.2,parasitoid,0,0,1,1,0,0,0,0,1,2,2,0,0,2,0,5,0,1,6,2,0,4,5,6,1,12,5,16,1,8,0,0,0,0,1,0,0,0,1,0,2,0,0,0,0,0,0,0,0,0,0,0,0,0,0,0,0,0,0,0,1,0,0,0,1,0,0,2,0,0,1,1,0,1,0
Hymenoptera,Eulophidae,Closterocerus sp.1,parasitoid,0,0,0,0,0,0,0,0,0,0,0,0,0,0,0,1,0,0,2,4,0,1,8,0,1,1,0,0,2,2,0,0,0,0,0,1,0,0,0,0,0,0,3,2,0,0,0,0,0,0,0,0,0,0,0,0,0,0,0,0,0,0,0,0,0,0,0,0,0,0,0,0,0,0,0
Hymenoptera,Eulophidae,Eulophidae A,parasitoid,0,0,0,0,0,0,0,0,0,4,0,0,0,0,0,0,0,0,0,0,0,0,0,0,1,0,0,0,0,0,0,0,0,0,0,0,0,0,0,0,0,0,0,0,0,0,0,0,0,0,0,0,0,0,0,0,0,0,0,0,0,0,0,0,0,0,0,0,0,0,0,0,0,0,0
Hymenoptera,Eulophidae,Eulophidae B,parasitoid,0,0,0,0,0,0,0,0,0,0,0,0,0,0,0,3,0,0,0,2,0,0,0,0,0,0,0,0,0,0,0,1,0,0,0,0,0,1,0,1,0,0,0,1,0,0,0,0,0,0,0,0,0,0,0,0,0,0,0,0,12,0,0,0,0,0,0,0,1,0,0,0,0,0,0
Hymenoptera,Eulophidae,Eulophidae C,parasitoid,1,0,0,0,0,0,0,0,0,0,2,0,0,0,0,1,0,3,0,0,1,1,0,2,0,0,2,1,0,1,0,1,1,0,0,0,0,1,0,0,1,1,0,0,1,0,0,0,0,0,0,0,0,0,0,0,0,0,0,0,0,0,1,1,0,0,0,0,0,1,0,0,0,0,0
Hymenoptera,Eulophidae,Eulophidae D,parasitoid,0,0,0,0,0,0,0,0,0,0,0,0,0,0,0,1,0,0,0,0,0,0,0,0,0,0,0,0,0,0,0,0,0,0,1,0,0,0,0,0,0,0,0,0,0,0,0,0,0,0,0,0,0,0,0,0,0,0,0,0,0,0,0,0,0,0,0,0,0,0,0,0,0,0,0
Hymenoptera,Eulophidae,Eulophidae E,parasitoid,0,0,0,0,0,1,0,0,0,0,0,0,0,0,0,1,0,0,0,0,1,0,0,0,0,0,0,0,0,0,0,0,1,0,0,1,0,0,0,0,0,1,0,0,2,0,0,1,0,1,0,0,0,0,0,0,0,0,0,0,1,0,0,0,0,0,0,0,0,0,0,0,0,0,0
Hymenoptera,Eulophidae,Eulophidae F,parasitoid,0,0,0,0,0,0,0,0,0,1,0,0,0,0,0,0,3,3,1,0,0,0,0,0,0,0,0,0,0,0,0,0,0,0,0,0,0,0,1,0,0,1,0,0,0,0,0,0,0,0,0,0,0,0,0,0,0,0,0,0,0,0,0,0,0,0,0,0,0,0,0,0,0,0,0
Hymenoptera,Eulophidae,Eulophidae G,parasitoid,0,1,1,1,1,1,0,4,3,22,8,0,4,8,0,0,0,0,0,0,0,0,0,0,0,0,0,0,0,1,0,0,0,0,0,1,1,6,0,0,0,1,0,1,1,0,0,0,0,0,0,0,1,0,0,0,0,0,0,0,0,0,1,0,0,1,0,1,0,0,0,0,0,1,0
Hymenoptera,Eulophidae,Eulophidae H,parasitoid,1,2,0,2,1,1,3,1,1,0,0,0,5,1,0,5,4,3,3,2,2,2,7,2,0,7,3,16,1,2,0,1,2,0,0,1,0,0,0,1,0,0,0,0,1,0,0,0,0,0,0,0,0,0,0,0,0,0,0,0,0,1,0,1,0,0,0,0,0,0,1,1,0,3,0
Hymenoptera,Eulophidae,Eulophidae I,parasitoid,0,0,0,0,0,0,0,0,0,0,0,0,0,0,0,0,1,0,0,0,0,0,0,0,0,0,0,0,0,0,0,1,0,0,0,0,1,1,0,0,0,0,0,0,0,0,0,0,0,0,0,0,0,0,0,0,0,0,0,0,0,0,0,0,0,1,0,0,0,0,0,0,0,0,0
Hymenoptera,Eulophidae,Eulophidae J,parasitoid,0,0,1,0,0,0,0,0,0,0,0,0,0,0,0,1,0,0,0,0,0,0,0,0,0,0,0,0,0,0,0,0,0,0,0,0,0,1,0,0,1,0,0,0,0,0,0,0,0,0,0,0,0,0,0,0,0,1,0,0,0,0,0,0,0,0,0,0,0,0,0,0,0,0,0
Hymenoptera,Eulophidae,Eulophidae K,parasitoid,0,0,1,0,0,0,0,0,0,0,0,0,0,0,0,0,0,0,1,0,0,1,5,5,1,0,0,0,0,0,0,0,0,0,1,0,0,0,0,0,0,0,0,1,0,0,0,0,0,0,0,0,0,0,0,0,0,0,0,0,1,0,0,0,0,0,0,0,0,0,0,0,0,0,0
Hymenoptera,Eulophidae,Eulophidae L,parasitoid,0,0,0,2,3,0,1,3,2,0,1,0,1,1,1,1,1,0,0,1,0,3,2,0,0,10,1,1,0,1,0,0,0,0,2,0,0,0,0,0,0,0,0,0,0,0,0,0,0,0,0,0,0,0,0,0,0,0,0,0,1,0,0,0,0,0,0,0,0,0,0,0,0,0,0
Hymenoptera,Eulophidae,Eulophidae M,parasitoid,0,0,0,0,0,0,0,0,0,14,4,1,0,0,0,1,0,0,0,0,0,0,0,0,0,0,0,0,0,0,0,0,0,0,0,0,0,0,0,0,0,0,0,0,0,0,0,0,0,0,0,0,0,0,0,0,0,0,0,0,0,0,0,0,0,0,0,0,0,0,0,0,0,0,0
Hymenoptera,Eulophidae,Eulophidae N,parasitoid,1,0,0,0,0,1,0,0,0,2,1,0,0,0,0,6,3,6,14,12,4,3,9,3,4,5,1,4,1,3,0,1,0,4,0,0,0,0,0,0,0,0,0,0,0,0,0,0,0,0,0,1,0,0,0,0,0,0,0,0,0,0,0,0,0,0,0,0,0,1,0,0,0,1,2
Hymenoptera,Eulophidae,Eulophidae O,parasitoid,0,0,0,0,0,0,0,0,0,0,0,0,0,0,0,0,0,0,11,0,0,0,0,0,0,0,0,0,0,0,0,0,0,0,0,0,0,0,0,0,0,0,0,0,0,0,0,0,0,0,0,0,0,0,0,0,0,0,0,0,0,0,0,0,0,0,0,0,0,0,0,0,0,0,0
Hymenoptera,Eulophidae,Eulophidae P,parasitoid,0,0,0,0,0,0,0,0,0,0,0,0,0,0,0,0,0,0,0,0,1,0,0,0,0,0,0,0,0,0,0,0,0,0,0,1,0,0,0,0,0,0,0,0,0,0,0,0,0,0,0,0,0,0,0,0,0,0,0,0,0,0,0,0,0,0,0,0,0,0,0,0,0,0,0
Hymenoptera,Eulophidae,Eulophidae Q,parasitoid,1,0,0,0,0,0,0,0,0,0,0,0,0,0,0,2,0,4,3,2,0,1,0,2,6,0,2,2,2,5,0,0,0,0,0,0,0,0,0,0,1,0,0,0,0,0,0,0,0,0,0,1,1,0,0,0,0,0,0,0,3,0,0,0,0,0,0,0,0,0,0,0,0,1,0
Hymenoptera,Eulophidae,Eulophidae R,parasitoid,0,0,0,0,0,0,0,0,0,0,0,0,0,0,0,0,0,0,0,0,0,0,0,0,0,1,0,0,0,0,0,0,0,0,0,0,0,0,0,0,0,1,0,0,0,0,0,0,0,0,0,0,0,0,0,0,0,0,0,0,0,0,0,0,0,0,0,3,1,2,0,0,0,0,0
Hymenoptera,Eulophidae,Eulophidae S,parasitoid,0,0,0,0,0,0,0,0,0,0,0,0,0,0,0,0,0,0,0,2,0,0,0,0,1,0,1,0,1,0,0,0,0,0,0,0,0,0,0,0,0,0,0,0,0,0,0,0,0,0,0,0,0,0,0,0,0,0,0,0,0,0,0,1,0,0,0,1,1,0,0,0,0,0,0
Hymenoptera,Eulophidae,Eulophidae T,parasitoid,0,0,0,0,0,0,0,0,0,1,0,0,1,0,0,0,0,0,0,0,0,0,0,0,0,0,0,0,0,1,0,0,0,0,0,0,0,0,0,0,0,0,1,1,0,0,0,0,0,0,0,0,0,1,0,0,0,0,0,0,0,0,0,0,0,0,0,0,0,0,0,0,0,0,0
Hymenoptera,Eulophidae,Eulophidae U,parasitoid,0,0,0,0,0,1,0,0,1,0,1,0,0,1,0,0,0,0,0,0,0,0,0,0,1,0,0,0,0,0,0,0,0,0,0,0,0,0,1,0,0,1,0,0,0,0,0,0,0,0,0,0,0,0,0,0,0,0,0,0,0,0,0,0,0,0,0,0,0,0,0,0,0,0,0
Hymenoptera,Eulophidae,Eulophidae V,parasitoid,0,0,0,0,0,0,0,0,0,0,0,0,0,0,0,0,0,0,0,0,0,0,0,0,2,0,0,0,0,0,0,0,0,0,0,0,0,0,0,1,0,0,0,0,0,0,0,0,0,0,0,0,0,0,0,0,0,0,0,0,0,0,0,0,0,0,0,0,0,0,0,0,0,0,1
Hymenoptera,Eulophidae,Eulophidae W,parasitoid,0,0,0,0,0,0,0,0,0,0,0,0,0,0,0,2,0,0,0,0,0,0,0,0,0,0,0,0,0,0,0,0,0,0,0,0,0,0,0,0,0,0,0,0,0,0,0,0,0,0,0,0,0,0,0,0,0,0,0,0,0,0,0,0,0,0,0,0,0,0,0,0,0,0,0
Hymenoptera,Eulophidae,Eulophidae X,parasitoid,0,0,0,0,0,0,0,0,0,0,0,0,0,0,0,0,0,0,0,1,1,0,0,0,0,0,0,0,0,1,0,0,0,0,1,0,0,0,0,1,0,0,0,1,0,0,0,0,0,0,0,0,0,0,0,0,0,0,0,0,0,0,0,0,0,0,0,0,0,0,2,0,0,0,0
Hymenoptera,Eulophidae,Eulophidae Y,parasitoid,0,0,0,0,0,0,1,0,0,0,0,0,0,0,0,0,0,0,0,0,0,0,0,0,0,0,0,0,0,0,0,0,0,0,0,0,0,0,0,0,0,0,0,0,0,0,0,0,0,0,0,0,0,0,0,0,0,0,0,0,0,0,0,0,0,0,0,0,0,0,0,0,0,0,0
Hymenoptera,Torymidae,Torymus sp.,parasitoid,0,0,1,0,0,0,1,0,2,0,0,0,1,3,0,0,0,0,0,1,1,0,0,0,0,0,0,0,0,0,0,0,1,0,0,0,0,0,0,0,0,0,0,0,0,0,0,0,0,0,0,0,0,0,0,0,0,0,0,0,0,0,1,0,0,0,0,0,0,0,0,0,0,0,0
Hymenoptera,Torymidae,Torymidae A,parasitoid,0,0,0,0,0,0,0,0,0,0,0,0,0,0,0,0,0,0,0,0,0,0,0,0,0,0,0,0,0,0,0,0,0,0,0,0,0,1,0,0,0,0,0,0,0,0,0,0,0,0,0,0,0,0,0,0,0,0,0,0,0,0,0,0,0,0,0,0,0,0,0,0,0,0,0
Hymenoptera,Torymidae,Torymidae B,parasitoid,0,0,0,0,0,0,0,0,0,0,0,0,0,0,0,0,0,0,0,0,0,0,0,0,0,0,0,0,0,0,1,0,0,0,0,0,0,0,0,0,0,0,0,0,0,0,0,0,0,0,0,0,0,0,0,0,0,0,0,0,0,0,0,0,0,0,0,0,0,0,0,0,0,0,0
Hymenoptera,Torymidae,Torymidae C,parasitoid,0,0,0,1,0,0,0,1,0,0,0,0,0,0,0,0,1,0,0,0,0,0,0,1,0,1,1,0,1,1,0,0,0,0,0,0,0,0,0,0,0,0,0,0,0,0,0,0,0,0,0,0,0,0,0,0,0,0,0,0,2,0,0,0,0,0,0,0,0,0,0,0,0,0,0
Hymenoptera,Pteromalidae,Propicroscytus sp.,parasitoid,0,0,1,1,0,0,0,2,3,0,1,0,3,1,0,1,0,0,0,0,0,0,0,0,0,0,1,0,0,0,0,0,0,0,0,0,0,0,0,0,0,0,0,0,0,0,0,0,0,0,0,0,0,0,0,0,0,0,0,0,0,0,0,0,0,0,0,0,0,0,0,0,0,0,1
Hymenoptera,Pteromalidae,Pteromalidae A,parasitoid,0,0,0,0,0,0,0,0,0,0,0,0,0,0,0,0,0,0,1,0,0,0,0,0,0,0,0,0,0,0,0,0,2,0,0,0,0,0,0,0,0,0,0,0,0,0,0,0,0,0,0,0,0,0,0,0,0,0,0,0,0,0,0,0,0,0,0,0,0,0,2,0,0,0,0
Hymenoptera,Pteromalidae,Pteromalidae B,parasitoid,1,0,1,0,1,0,0,2,0,0,1,3,4,1,0,3,0,3,3,2,1,0,3,1,5,1,6,0,2,0,1,5,0,0,2,2,5,0,1,1,1,0,0,0,2,2,3,4,1,5,5,7,7,4,1,1,1,3,2,3,3,1,3,9,6,10,1,8,10,14,2,8,4,2,0
Hymenoptera,Pteromalidae,Pteromalidae C,parasitoid,1,0,0,0,0,0,0,0,0,0,0,0,0,0,0,0,0,1,0,0,0,0,2,1,0,0,4,1,0,0,0,0,0,0,0,2,1,2,0,0,0,0,1,1,1,0,0,0,0,1,0,0,0,0,0,0,0,0,0,0,0,0,1,1,1,2,0,1,0,1,0,3,0,0,1
Hymenoptera,Pteromalidae,Pteromalidae D,parasitoid,1,0,0,0,0,1,0,1,0,0,0,0,0,0,0,0,0,0,0,0,1,0,0,0,0,0,0,0,0,0,0,0,0,0,0,0,0,0,0,0,0,0,0,0,0,0,0,0,0,0,0,0,0,0,0,0,0,0,0,0,0,0,0,0,0,0,0,0,0,0,0,0,0,0,0
Hymenoptera,Pteromalidae,Pteromalidae E,parasitoid,0,0,0,0,0,0,0,0,0,0,0,0,0,0,0,0,0,0,0,0,0,0,0,0,0,0,0,0,0,0,0,0,0,0,0,0,0,1,0,0,0,0,0,0,0,0,0,0,0,0,0,0,0,0,0,0,0,0,0,0,0,0,0,0,0,0,0,0,0,0,0,0,0,0,0
Hymenoptera,Pteromalidae,Pteromalidae F,parasitoid,1,0,0,0,2,2,0,0,1,0,0,0,3,3,0,0,0,1,4,0,0,0,3,0,1,2,0,0,1,0,4,0,1,0,0,0,0,0,0,1,0,0,0,0,1,1,0,1,0,1,0,0,0,2,0,0,0,0,0,0,0,1,0,0,2,0,0,4,5,1,7,4,1,0,1
Hymenoptera,Pteromalidae,Pteromalidae G,parasitoid,1,0,0,1,1,0,1,2,1,1,0,3,1,0,0,1,0,1,1,0,0,2,0,2,6,0,1,2,0,1,4,0,0,3,2,0,1,0,0,0,0,2,0,0,1,0,0,0,0,0,0,0,0,0,0,0,0,0,0,0,0,0,0,1,1,0,0,0,0,0,1,0,0,0,1
Hymenoptera,Pteromalidae,Pteromalidae H,parasitoid,0,1,0,1,0,0,0,0,2,0,0,0,1,0,0,1,0,0,0,0,0,0,0,0,0,0,0,0,1,0,0,0,0,0,0,0,0,0,0,0,0,0,0,0,0,0,0,0,0,0,0,0,0,0,0,0,0,0,0,0,0,0,0,0,0,0,0,0,0,0,0,0,0,0,0
Hymenoptera,Pteromalidae,Pteromalidae I,parasitoid,1,0,0,0,0,1,0,2,0,3,0,3,0,0,0,1,0,12,1,2,1,0,1,1,6,1,1,0,3,0,1,1,1,1,0,0,0,0,0,1,0,0,0,0,0,1,0,0,0,0,0,0,0,1,0,1,0,0,0,0,1,0,0,2,1,0,0,1,0,1,0,0,2,1,0
Hymenoptera,Pteromalidae,Pteromalidae J,parasitoid,1,0,1,11,1,1,2,0,2,0,0,2,0,0,1,1,0,0,0,1,2,0,0,1,3,4,4,2,3,1,0,0,0,1,0,0,1,0,0,0,0,0,0,0,0,0,0,0,0,0,0,0,0,0,0,0,0,0,0,0,0,0,0,0,0,0,0,0,0,0,0,0,5,0,0
Hymenoptera,Pteromalidae,Pteromalidae K,parasitoid,0,0,0,0,0,1,0,0,0,0,0,0,0,0,0,1,0,0,0,0,0,0,1,0,2,2,0,0,0,0,0,0,0,0,0,0,0,0,0,0,0,0,0,0,0,0,0,0,0,0,0,0,0,0,0,0,0,0,0,0,0,0,0,0,0,0,0,0,0,0,0,0,0,0,0
Hymenoptera,Pteromalidae,Pteromalidae L,parasitoid,1,0,0,0,1,0,1,2,0,0,0,3,1,0,0,0,2,0,1,0,1,0,1,1,0,0,0,0,0,0,4,0,2,2,0,1,3,0,0,0,0,0,1,1,0,1,0,0,0,0,1,0,3,0,0,0,1,2,0,1,0,1,0,0,1,3,0,2,0,5,1,3,1,2,1
Hymenoptera,Pteromalidae,Pteromalidae M,parasitoid,0,0,0,0,0,0,0,0,0,0,0,0,0,0,0,0,0,0,0,0,0,0,0,0,0,0,0,0,0,3,0,0,1,0,0,0,0,0,0,0,0,0,0,0,0,0,0,0,0,0,0,0,0,0,0,0,0,0,0,0,0,0,0,0,0,0,0,0,0,0,0,0,0,0,0
Hymenoptera,Pteromalidae,Pteromalidae N,parasitoid,0,0,0,0,0,0,0,0,0,0,0,0,0,0,0,0,0,0,0,0,0,0,0,0,0,0,0,0,0,0,0,0,0,0,0,0,0,0,0,0,0,0,0,0,0,0,0,0,0,0,0,0,0,0,0,0,0,0,0,0,0,0,0,0,0,0,0,1,0,0,0,0,0,0,0
Hymenoptera,Eurytomidae,Eurytoma sp.1,parasitoid,0,0,0,1,0,0,0,2,0,1,1,1,2,2,0,0,0,0,0,1,0,1,1,3,0,1,0,0,0,0,0,0,2,0,0,0,0,1,1,0,0,0,1,0,0,0,0,0,0,0,0,0,0,0,0,0,0,0,0,0,0,0,0,0,0,0,0,0,0,0,0,0,0,0,0
Hymenoptera,Eurytomidae,Eurytoma sp.2,parasitoid,0,0,0,0,0,0,0,0,0,0,0,0,0,0,0,1,1,0,0,0,2,2,0,1,1,1,0,2,0,0,1,0,0,1,2,0,1,0,0,0,2,1,0,1,0,0,0,0,0,0,0,0,0,0,0,0,0,0,0,0,0,0,0,0,0,1,0,0,0,0,0,1,1,0,0
Hymenoptera,Eurytomidae,Eurytoma sp.3,parasitoid,1,1,0,0,0,1,0,1,2,2,1,0,1,1,0,4,1,0,0,0,1,4,0,2,0,0,0,0,0,0,0,0,0,0,0,1,1,0,0,0,0,0,0,1,0,0,0,0,0,0,0,0,0,0,0,0,0,0,0,0,1,0,0,0,0,0,0,0,0,0,0,0,0,0,0
Hymenoptera,Eurytomidae,Eurytoma sp.4,parasitoid,0,1,1,1,1,1,2,5,1,4,0,1,3,3,0,0,1,0,0,0,1,0,2,0,0,0,0,0,1,0,0,0,1,1,0,0,0,0,0,0,0,0,0,0,0,0,0,0,0,0,0,0,0,0,0,0,0,0,0,0,0,0,0,0,0,0,0,0,0,0,0,0,0,0,0
Hymenoptera,Encyrtidae,Astymachus japonicus,parasitoid,0,0,0,1,0,0,0,1,0,0,0,0,0,2,1,0,0,0,0,0,0,0,0,4,0,15,12,22,1,3,0,0,0,0,0,0,0,0,0,0,0,0,0,0,0,0,0,0,0,0,0,0,0,0,0,0,0,0,0,0,0,0,0,0,0,0,0,0,0,0,0,0,0,0,1
Hymenoptera,Encyrtidae,Boucekiella depressa,parasitoid,0,0,4,2,1,1,5,0,0,0,1,11,3,6,2,0,5,0,2,0,2,0,1,5,3,17,17,44,11,18,0,0,0,0,0,0,0,0,0,0,0,0,0,1,2,0,0,0,0,0,0,0,0,0,1,0,0,0,0,0,0,1,0,1,0,0,0,0,1,1,0,0,0,0,1
Hymenoptera,Encyrtidae,Platencyrtus aclerus,parasitoid,0,0,0,2,1,0,2,0,0,0,1,0,0,0,1,7,2,3,18,3,8,2,14,2,2,4,3,4,6,6,0,0,0,0,0,3,0,0,0,0,0,0,2,1,0,0,0,0,0,0,0,0,0,0,0,0,0,0,0,0,0,0,0,0,0,0,0,0,0,0,0,0,0,0,1
Hymenoptera,Encyrtidae,Encyrtidae A,parasitoid,0,0,0,0,0,0,0,0,0,0,0,0,0,0,0,0,0,0,0,0,0,0,0,1,0,0,0,0,0,0,0,0,0,0,0,1,0,0,0,0,0,0,0,0,0,0,0,0,0,0,0,0,0,0,0,0,0,0,0,0,0,0,0,0,0,0,0,0,0,0,0,0,0,0,0
Hymenoptera,Encyrtidae,Encyrtidae B,parasitoid,0,0,0,1,0,0,0,0,0,0,0,0,0,0,0,2,4,0,4,1,4,0,0,1,3,0,1,0,4,2,0,0,0,0,0,0,0,0,0,0,0,0,0,0,0,0,0,0,0,0,0,0,0,0,0,0,0,0,0,0,0,0,0,0,0,0,0,0,0,0,1,0,0,0,0
Hymenoptera,Encyrtidae,Encyrtidae C,parasitoid,0,0,0,0,0,0,0,0,0,1,0,0,0,0,0,0,0,0,0,0,0,0,0,0,2,0,0,0,0,0,0,0,0,0,0,0,1,0,0,0,0,0,0,0,0,0,0,0,0,0,0,0,0,2,1,0,0,0,0,0,0,0,0,0,0,0,0,0,0,1,0,0,1,0,0
Hymenoptera,Encyrtidae,Encyrtidae D,parasitoid,1,0,0,0,0,0,0,0,0,0,0,0,1,0,0,0,0,0,0,0,0,0,0,0,0,0,0,0,0,0,0,0,0,0,0,0,0,0,0,0,1,0,0,0,0,0,0,0,0,0,0,0,0,0,0,0,0,0,0,0,0,0,0,0,0,0,0,0,0,0,0,0,1,0,0
Hymenoptera,Eupelmidae,Eupelmidae A,parasitoid,0,0,1,1,0,0,0,2,0,0,0,0,0,0,0,0,0,0,0,0,0,0,0,0,0,0,1,0,0,0,0,1,0,0,0,0,0,0,0,0,0,0,0,0,0,0,0,0,0,0,0,0,0,0,0,0,0,0,0,0,0,0,0,0,0,0,0,0,0,0,0,0,0,0,0
Hymenoptera,Elasmidae,Elasmidae A,parasitoid,0,0,0,0,0,0,0,0,0,0,0,0,0,0,0,0,0,0,0,0,0,0,0,0,0,0,0,0,0,1,0,0,0,0,0,0,0,0,0,0,0,0,0,0,0,0,0,0,0,0,0,0,0,0,0,0,0,0,0,0,0,0,0,0,0,0,0,0,0,0,0,0,0,0,0
Hymenoptera,Ichneumonidae,Phaeoqenini A,parasitoid,0,0,0,0,0,0,0,0,0,0,0,0,0,0,0,0,0,0,0,0,0,0,0,0,0,0,1,0,0,0,0,0,0,0,0,0,0,1,0,0,0,1,0,0,0,0,0,0,0,0,0,0,0,0,0,0,0,0,0,0,0,0,0,0,1,0,0,0,0,0,0,0,0,0,0
Hymenoptera,Ichneumonidae,Temelucha philippinensis,parasitoid,0,0,0,0,0,0,0,0,0,0,0,0,0,0,0,0,1,1,0,0,0,0,0,0,0,0,0,0,0,0,0,0,0,0,0,0,0,0,0,0,0,0,0,0,0,0,0,0,0,0,0,0,0,0,0,0,0,0,0,0,0,1,0,0,0,0,1,0,0,0,1,0,0,1,0
Hymenoptera,Ichneumonidae,Diadegma akoensis,parasitoid,1,1,0,0,0,2,0,2,1,2,0,1,6,2,0,2,2,0,2,0,0,0,1,0,0,0,5,1,1,0,0,0,0,0,0,0,0,1,0,0,0,0,0,1,0,0,0,0,0,0,0,0,0,0,0,0,0,0,0,0,0,0,0,0,0,0,0,0,0,0,0,1,0,0,0
Hymenoptera,Ichneumonidae,Gelis sp.,parasitoid,0,0,0,0,0,0,1,0,2,0,1,0,1,0,0,0,1,0,0,0,0,0,0,0,1,0,0,1,0,0,0,0,0,0,0,0,0,0,0,0,0,0,0,0,0,0,0,0,0,0,0,0,0,0,0,0,0,0,0,0,0,0,0,0,0,0,0,0,0,0,0,0,0,0,0
Hymenoptera,Ichneumonidae,Agrotheretus sp.,parasitoid,0,0,0,0,1,0,0,0,0,0,0,0,0,1,0,0,0,0,0,0,0,0,0,0,0,1,0,0,0,0,0,0,0,0,0,0,1,0,0,0,0,0,1,0,0,0,0,0,0,0,0,0,0,0,0,0,0,0,0,0,0,0,0,0,0,0,0,0,0,0,0,0,0,0,0
Hymenoptera,Ichneumonidae,Ichneumonidae A,parasitoid,0,0,0,0,1,0,0,0,0,0,2,0,1,0,0,1,1,1,0,3,1,1,0,0,1,2,0,1,2,0,0,0,0,0,1,0,0,0,0,0,0,0,0,0,0,1,0,0,0,0,0,0,0,0,0,0,0,0,0,0,0,0,0,0,0,0,0,0,0,0,0,0,0,0,0
Hymenoptera,Ichneumonidae,Ichneumonidae B,parasitoid,0,0,0,0,0,0,0,0,0,0,0,0,0,0,0,0,0,0,0,0,0,0,0,0,0,0,0,0,0,0,0,1,0,0,0,0,0,0,0,0,0,0,0,0,0,0,0,0,0,0,0,0,0,0,0,0,0,0,0,0,0,0,0,0,0,0,0,0,0,0,0,0,0,0,0
Hymenoptera,Ichneumonidae,Ichneumonidae C,parasitoid,0,0,0,0,0,0,0,0,0,0,0,0,0,0,0,0,0,0,0,0,0,0,0,0,0,0,1,0,0,0,0,0,0,0,0,0,0,0,0,0,0,0,0,0,0,0,0,0,0,0,0,0,0,0,0,0,0,0,0,0,0,0,0,0,0,0,0,0,0,0,0,0,0,0,0
Hymenoptera,Ichneumonidae,Ichneumonidae D,parasitoid,0,0,0,0,0,0,0,1,0,0,0,0,0,0,0,1,0,0,0,0,0,0,0,0,0,0,0,0,0,2,0,0,0,0,0,1,0,0,0,0,0,0,0,1,0,0,0,0,0,0,0,0,0,0,0,0,0,1,0,0,0,0,0,0,0,0,0,0,0,1,0,0,0,0,0
Hymenoptera,Braconidae,Apanteles sp.1,parasitoid,0,0,0,0,1,0,0,0,0,0,0,0,1,0,0,1,1,0,3,0,3,0,1,0,2,0,0,0,0,1,2,2,3,0,1,0,0,3,1,0,0,0,1,1,1,0,0,0,0,0,0,0,0,0,0,0,0,0,0,0,0,2,0,1,0,1,0,0,0,0,0,0,0,0,0
Hymenoptera,Braconidae,Apanteles sp.2,parasitoid,0,0,0,0,0,1,1,0,0,0,2,0,0,1,0,0,1,0,0,0,0,0,0,1,0,0,0,2,1,0,0,1,1,1,1,1,2,0,0,0,6,1,0,0,1,0,0,0,0,2,0,0,0,0,0,0,0,0,0,0,3,3,1,0,0,0,0,1,0,1,0,2,0,0,0
Hymenoptera,Braconidae,Apanteles sp.3,parasitoid,0,0,1,0,0,0,0,0,0,1,1,0,0,0,0,0,0,0,0,1,0,0,0,0,1,0,0,0,0,0,8,0,0,1,0,0,1,0,0,1,0,0,0,0,0,0,1,0,0,0,0,0,0,0,0,0,0,0,0,0,0,0,0,0,0,0,0,0,0,1,0,1,1,1,0
Hymenoptera,Braconidae,Bracon adoxophyesi,parasitoid,0,0,0,0,0,0,2,0,0,0,0,0,0,0,0,0,0,0,0,0,0,0,0,0,1,2,0,1,0,0,0,0,0,0,0,2,0,0,0,4,1,1,0,0,0,0,0,0,0,0,0,0,0,0,0,0,0,0,0,0,0,0,0,0,0,0,0,0,0,0,0,0,0,0,0
Hymenoptera,Braconidae,Chorebus sp.,parasitoid,0,0,0,0,0,0,0,0,0,0,0,0,0,0,0,0,0,0,0,0,0,0,0,0,0,0,0,0,0,0,0,0,0,0,0,0,0,0,0,0,0,0,0,0,0,0,0,0,0,0,0,0,0,0,0,0,0,0,0,0,0,0,0,1,0,0,0,0,0,0,0,0,0,0,0
Hymenoptera,Braconidae,Chelonus sp.,parasitoid,0,0,0,0,0,1,0,0,0,0,0,0,0,0,0,3,0,1,0,6,0,5,0,1,2,1,0,1,3,3,1,1,0,0,1,0,1,3,1,2,0,1,0,1,1,0,0,0,0,0,0,0,0,0,0,0,0,0,0,0,0,0,1,0,1,1,0,0,0,0,1,0,0,0,1
Hymenoptera,Braconidae,Ascogaster sp.,parasitoid,0,0,0,0,0,0,0,0,0,0,0,0,0,0,0,0,0,1,0,0,0,1,1,0,0,0,0,0,0,0,0,0,1,0,4,0,0,0,0,0,1,0,1,0,0,0,0,0,0,0,0,0,0,0,0,0,0,0,0,0,0,0,0,0,0,0,0,0,0,0,0,0,0,0,0
Hymenoptera,Braconidae,Rhaconotus sp.1,parasitoid,0,0,0,0,0,0,0,0,0,1,2,0,0,1,0,0,0,0,0,1,1,3,0,2,4,1,1,1,2,3,0,0,1,1,1,1,0,0,0,0,0,1,1,1,0,0,0,0,0,0,0,0,0,0,0,0,0,0,0,0,0,0,0,0,1,0,0,0,0,2,0,1,0,0,0
Hymenoptera,Braconidae,Rhaconotus sp.2,parasitoid,0,0,0,0,0,0,0,0,1,1,1,0,0,0,0,0,0,0,0,0,0,0,0,0,1,0,0,0,0,0,0,1,3,0,0,0,0,0,0,0,0,0,0,0,0,0,0,0,0,0,0,0,0,0,0,0,0,0,0,0,0,1,2,2,1,2,0,0,0,0,1,0,0,0,0
Hymenoptera,Braconidae,Rhaconotus sp.3,parasitoid,1,0,0,0,0,0,0,0,2,1,0,0,0,0,0,0,0,1,0,0,4,2,3,4,1,0,1,0,0,0,0,0,0,0,0,1,0,0,0,0,0,0,0,0,0,0,0,0,0,0,0,0,0,0,0,0,0,0,0,0,0,0,0,0,0,2,0,0,0,0,0,0,1,0,0
Hymenoptera,Braconidae,Aleiodes sp.,parasitoid,0,0,0,0,0,0,0,0,0,1,0,0,0,0,0,0,0,0,0,0,0,0,0,0,0,0,2,1,1,0,0,0,0,0,0,0,0,0,0,0,0,0,0,1,0,0,0,0,0,0,0,0,0,0,0,0,0,0,0,0,0,0,0,0,0,0,0,0,0,0,0,0,0,0,0
Hymenoptera,Braconidae,Alyssinae A,parasitoid,0,0,0,0,0,0,0,0,0,0,0,0,0,0,0,0,0,0,0,0,0,0,0,0,0,0,1,0,0,0,0,0,0,0,0,0,0,0,0,0,0,1,0,1,0,0,0,0,0,0,0,0,0,0,0,0,0,0,0,0,0,0,0,0,0,0,0,0,0,0,0,0,0,0,0
Hymenoptera,Braconidae,Doryctinae A,parasitoid,0,0,0,0,0,0,0,0,0,0,0,0,0,0,0,0,0,0,0,0,0,0,0,0,0,0,0,0,0,0,1,0,0,1,0,0,0,0,0,1,0,0,0,0,0,0,0,0,0,0,0,1,0,1,0,0,0,2,0,0,0,0,0,0,0,1,0,0,0,1,0,0,0,0,0
Hymenoptera,Braconidae,Braconidae A,parasitoid,1,0,0,0,0,1,2,0,1,1,1,1,0,0,2,2,0,0,5,0,0,5,0,11,1,1,0,0,2,0,23,17,4,18,1,8,29,3,0,11,2,1,3,4,5,1,5,5,7,2,12,3,0,8,2,0,1,1,1,3,12,5,5,7,12,22,13,17,25,19,32,29,15,9,10
Hymenoptera,Braconidae,Braconidae B,parasitoid,0,0,0,0,0,0,0,0,0,0,0,0,0,0,0,0,0,0,0,0,0,1,0,0,0,1,0,0,0,0,0,5,0,0,0,0,0,4,0,0,0,2,1,2,1,0,0,1,0,0,0,0,0,0,0,0,0,0,0,0,1,1,0,2,1,6,8,1,0,0,1,1,0,2,0
Hymenoptera,Braconidae,Braconidae C,parasitoid,0,0,0,0,0,0,0,0,0,0,0,1,0,0,0,0,0,0,3,1,0,0,1,0,2,0,1,0,0,0,0,3,0,0,0,0,0,1,0,1,1,0,1,0,3,0,0,0,0,0,0,0,0,0,0,0,0,0,0,0,0,0,0,0,0,0,0,0,0,0,0,0,0,0,0
Hymenoptera,Braconidae,Braconidae D,parasitoid,0,0,0,0,0,0,0,0,0,0,0,0,0,0,0,0,0,0,1,0,0,0,0,0,0,0,0,0,0,0,0,1,0,0,0,0,0,0,0,0,0,0,0,2,0,0,0,0,0,0,0,0,0,0,0,0,0,0,0,0,0,0,0,0,0,0,0,0,0,0,0,0,0,0,0
Hymenoptera,Braconidae,Braconidae E,parasitoid,0,0,0,0,0,0,0,0,0,0,0,0,0,0,0,0,0,0,0,0,0,0,0,0,0,0,0,0,0,0,0,1,1,0,1,0,0,0,0,0,0,0,0,0,0,0,0,0,0,0,0,0,0,0,0,0,0,0,0,0,0,0,0,0,0,0,0,0,0,0,0,0,0,0,0
Hymenoptera,Braconidae,Braconidae F,parasitoid,1,0,0,0,0,0,0,0,0,0,0,0,0,0,0,0,0,0,2,0,1,2,0,0,0,0,0,0,0,0,0,1,0,0,0,0,0,0,0,0,0,0,1,0,0,0,0,0,0,0,0,0,0,0,0,0,0,0,0,0,0,0,1,0,0,0,0,0,1,0,1,0,0,0,0
Hymenoptera,Braconidae,Braconidae G,parasitoid,0,0,0,0,0,0,0,0,0,0,0,0,0,0,0,0,0,0,0,1,0,0,0,0,0,0,0,2,2,0,0,2,1,0,0,0,0,0,0,0,0,0,0,0,0,0,0,0,0,0,0,0,0,0,0,0,0,0,0,0,0,0,2,0,0,1,0,0,0,0,0,0,0,0,0
Hymenoptera,Braconidae,Braconidae H,parasitoid,0,0,0,0,0,0,0,0,0,0,0,0,0,0,0,0,0,0,0,0,0,0,0,0,2,0,0,0,0,0,0,2,0,0,0,0,0,0,0,0,0,0,0,0,0,0,0,0,0,0,0,0,0,0,0,0,0,0,0,0,0,0,0,0,0,0,0,0,0,0,0,0,0,0,0
Hymenoptera,Braconidae,Braconidae I,parasitoid,0,0,0,0,0,0,0,0,0,0,0,0,0,0,0,1,1,0,1,1,0,0,0,0,0,0,0,0,0,0,0,2,0,0,0,0,0,0,0,0,2,0,0,0,1,0,0,0,0,0,0,0,0,0,0,0,0,0,0,0,0,0,0,0,0,0,0,0,0,0,0,0,0,0,0
Hymenoptera,Braconidae,Braconidae J,parasitoid,0,0,0,0,0,0,0,0,0,0,0,0,0,0,0,1,0,0,1,1,0,0,0,0,2,0,1,0,1,1,0,3,3,0,0,0,0,0,0,0,0,0,1,0,0,0,0,1,0,0,0,0,0,0,0,0,0,0,0,0,0,0,0,0,0,1,0,0,0,0,0,0,1,0,0
Hymenoptera,Braconidae,Braconidae K,parasitoid,0,0,0,0,0,0,0,0,0,1,0,0,0,0,0,0,0,0,1,1,0,0,0,0,0,0,1,0,0,0,1,0,1,0,0,0,0,4,0,0,0,1,0,0,0,0,0,0,0,0,0,0,0,0,0,0,0,0,0,0,0,0,0,0,0,0,0,0,0,0,0,0,0,0,0
Hymenoptera,Braconidae,Braconidae L,parasitoid,0,0,0,0,0,0,0,0,0,0,0,0,0,0,0,0,0,0,0,0,0,0,0,0,0,0,0,0,0,0,0,1,0,0,0,0,0,0,0,0,0,0,0,0,0,0,0,0,0,0,0,0,0,0,0,0,0,0,0,0,0,0,0,0,0,0,0,0,0,0,0,0,0,0,0
Hymenoptera,Braconidae,Braconidae M,parasitoid,0,0,0,0,0,0,0,0,0,0,0,0,0,0,0,0,0,0,0,0,0,0,0,0,0,0,0,0,0,0,0,2,1,0,0,0,0,0,0,0,0,0,0,0,0,0,0,0,0,0,0,0,0,0,0,0,0,0,0,0,0,0,0,1,0,0,0,0,0,0,0,0,0,0,0
Hymenoptera,Braconidae,Braconidae N,parasitoid,0,0,0,0,0,0,0,0,0,0,1,1,0,0,0,0,0,0,0,0,0,0,0,0,1,0,1,0,0,2,2,2,0,0,0,2,0,0,0,0,0,0,0,1,1,0,0,0,0,0,0,0,0,0,0,0,0,0,1,0,0,0,0,0,0,1,0,1,0,2,0,0,1,0,0
Hymenoptera,Braconidae,Braconidae O,parasitoid,0,0,0,0,0,0,1,0,1,0,1,0,1,0,0,2,1,0,0,1,0,1,0,0,1,2,1,0,0,0,0,0,1,0,0,0,0,0,0,1,1,0,0,0,0,0,0,0,0,0,0,0,0,0,0,0,0,0,0,0,0,0,0,0,0,0,0,0,0,0,1,2,2,1,0
Hymenoptera,Braconidae,Braconidae P,parasitoid,0,0,0,0,0,0,0,0,0,0,0,0,0,0,0,1,0,1,1,3,2,0,1,1,1,0,1,0,1,0,0,0,0,0,0,0,1,0,0,0,0,1,0,0,0,0,0,0,0,0,0,0,0,0,0,0,0,0,0,0,0,0,0,0,0,0,0,0,0,0,1,0,0,0,0
Hymenoptera,Braconidae,Braconidae Q,parasitoid,0,0,0,0,0,0,0,0,0,0,0,0,0,0,0,0,0,0,1,0,0,0,0,0,0,0,0,0,0,0,0,0,0,0,0,0,0,0,0,0,0,1,0,0,0,0,0,0,0,0,0,0,0,0,0,0,0,0,0,0,0,0,0,0,0,0,0,0,0,0,0,0,0,0,0
Hymenoptera,Braconidae,Braconidae R,parasitoid,0,0,0,0,1,0,0,0,0,0,1,2,0,0,0,0,0,0,0,0,1,0,0,1,1,1,0,0,0,0,1,0,0,0,0,0,0,0,0,0,0,0,0,0,0,0,0,0,0,0,0,0,0,0,0,0,0,0,0,0,0,0,0,0,0,0,0,0,0,0,0,0,0,0,0
Hymenoptera,Braconidae,Braconidae S,parasitoid,0,0,0,0,0,0,0,0,1,0,0,0,0,0,0,0,0,0,0,0,0,0,0,0,0,0,0,0,0,0,0,0,0,0,0,0,0,0,0,0,0,0,0,0,0,0,0,0,0,0,0,0,0,0,0,0,0,0,0,0,0,0,0,1,1,0,0,0,0,0,0,0,0,0,0
Hymenoptera,Braconidae,Braconidae T,parasitoid,0,0,0,0,0,0,0,0,0,0,0,0,0,0,0,0,0,0,0,0,0,0,0,0,0,0,0,0,0,0,0,0,0,1,0,1,0,0,0,0,0,0,0,0,1,0,0,2,0,0,0,0,0,0,0,0,0,0,0,0,0,0,0,0,3,1,0,2,0,5,0,5,0,0,0
Hymenoptera,Braconidae,Braconidae U,parasitoid,0,0,0,0,0,0,0,0,0,0,0,0,0,0,0,1,0,0,0,0,1,0,0,0,2,1,0,0,0,2,0,0,0,0,0,0,0,0,0,0,0,0,0,0,0,0,0,0,0,0,0,0,0,0,0,0,0,0,0,0,0,0,0,0,0,0,0,0,0,0,7,0,0,0,0
Hymenoptera,Braconidae,Braconidae V,parasitoid,0,0,0,0,0,0,0,0,0,0,0,0,0,0,0,0,0,0,0,0,0,0,0,0,0,0,0,0,0,0,0,1,0,0,0,0,0,0,0,0,0,0,0,0,0,0,0,0,0,0,0,0,0,0,0,0,0,1,0,0,0,0,0,0,0,0,0,0,0,0,0,0,0,0,0
Hymenoptera,Braconidae,Braconidae W,parasitoid,0,0,0,0,0,0,0,0,0,0,0,0,0,0,0,0,0,0,0,0,0,0,0,0,0,0,2,0,0,0,0,0,0,0,0,0,0,0,2,0,0,0,0,0,0,0,0,0,0,0,0,0,0,0,0,0,0,0,0,0,0,0,0,0,0,0,0,0,0,0,0,0,0,0,0
Hymenoptera,Braconidae,Braconidae X,parasitoid,1,0,0,0,0,0,1,0,0,0,0,1,0,0,0,0,0,0,0,1,0,0,0,0,0,0,0,0,0,0,0,0,0,0,0,0,0,0,0,0,0,0,0,0,0,0,0,0,0,0,0,0,0,0,0,0,0,0,0,0,0,0,0,0,0,0,0,0,0,0,0,0,0,0,0
Hymenoptera,Braconidae,Braconidae Y,parasitoid,0,1,0,0,0,0,0,0,0,0,0,0,0,0,0,0,0,0,0,0,0,0,0,0,0,0,0,0,0,0,0,0,0,0,0,0,0,0,0,0,0,0,0,0,0,0,0,0,0,0,0,0,0,0,0,0,0,0,0,0,0,0,0,0,0,1,0,0,0,0,0,0,0,0,0
Hymenoptera,Platygastridae,Eumicrosoma sp.,parasitoid,0,1,0,1,0,1,0,0,0,0,0,0,2,0,2,0,0,1,2,3,2,2,1,2,4,1,1,2,0,1,1,0,0,3,3,0,10,2,2,2,2,4,5,2,15,0,0,0,0,0,0,1,0,0,0,0,0,1,0,0,1,0,0,0,3,0,1,3,1,1,0,1,4,0,3
Hymenoptera,Platygastridae,Telenomus sp.,parasitoid,0,0,0,0,0,1,0,0,3,38,3,1,1,0,1,0,4,0,0,0,1,0,4,0,4,3,5,2,2,13,0,0,3,2,7,1,0,4,0,2,0,0,1,0,0,0,0,0,0,1,0,0,0,0,0,0,0,0,0,0,0,0,0,2,0,0,0,0,0,0,0,0,0,1,1
Hymenoptera,Platygastridae,Inostemma sp.,parasitoid,0,0,0,0,0,0,0,0,0,0,0,0,0,0,0,0,0,0,0,0,0,0,0,0,0,0,0,0,0,0,0,0,0,0,1,0,0,0,0,0,0,0,0,0,0,0,0,0,0,0,0,0,0,0,0,0,0,0,0,0,0,0,0,0,0,0,0,0,0,0,0,0,0,0,0
Hymenoptera,Platygastridae,Platygasteridae A,parasitoid,0,0,0,0,1,1,0,0,0,0,0,0,0,0,0,1,0,0,0,0,0,0,1,1,0,0,0,0,0,0,0,0,1,0,0,0,0,0,1,0,0,0,0,1,0,0,0,0,0,0,0,0,0,0,0,0,0,0,0,0,1,0,0,0,0,0,0,0,0,0,0,0,0,0,0
Hymenoptera,Platygastridae,Platygasteridae B,parasitoid,2,0,0,0,0,0,0,0,1,1,0,1,0,0,0,0,0,0,2,0,2,0,5,4,0,0,2,1,0,0,5,2,1,2,0,1,0,3,0,1,0,7,0,1,2,0,1,0,1,1,2,2,0,0,0,0,0,0,0,0,1,1,2,2,1,4,2,2,0,2,2,0,2,1,0
Hymenoptera,Platygastridae,Platygasteridae C,parasitoid,2,2,2,0,2,5,1,1,2,0,4,5,6,8,2,4,7,4,0,0,1,2,2,6,6,3,1,6,2,10,0,1,1,2,2,0,1,0,0,1,3,0,0,4,6,0,1,1,1,0,1,0,0,1,0,1,1,1,2,1,1,0,0,0,1,0,1,0,0,1,0,1,0,1,1
Hymenoptera,Platygastridae,Platygasteridae D,parasitoid,0,0,0,0,0,0,0,0,0,0,0,0,0,0,0,0,0,0,0,0,0,0,0,0,0,0,0,0,0,0,0,0,0,0,0,2,0,0,0,0,0,0,0,0,0,0,0,0,0,0,0,0,0,0,0,0,0,0,0,0,0,0,0,0,0,0,0,0,0,1,0,0,0,0,0
Hymenoptera,Platygastridae,Platygasteridae E,parasitoid,0,1,0,0,0,0,0,0,0,0,0,0,1,0,0,0,0,0,0,0,0,0,5,0,0,0,0,0,0,0,0,0,0,0,0,1,1,1,1,0,2,2,0,0,0,0,0,0,0,1,0,0,0,0,0,0,0,0,0,0,0,0,1,0,0,0,0,1,0,2,1,1,2,1,0
Hymenoptera,Platygastridae,Platygasteridae F,parasitoid,1,0,0,0,0,2,0,0,0,0,1,0,0,2,0,0,1,0,1,0,0,0,3,0,1,1,3,0,2,7,0,0,0,0,0,3,0,0,0,0,0,0,1,0,0,0,0,0,0,0,1,0,0,0,0,0,0,0,0,6,0,0,0,1,1,1,0,0,0,1,1,1,2,0,0
Hymenoptera,Platygastridae,Platygasteridae G,parasitoid,0,0,0,0,0,0,0,0,0,0,0,0,0,0,0,0,0,0,0,0,0,0,0,0,0,0,0,0,0,0,0,0,0,0,0,0,0,0,0,0,0,0,0,0,0,0,0,0,0,0,0,0,0,0,0,0,0,0,0,0,0,0,0,0,0,0,0,1,0,0,0,0,0,0,0
Hymenoptera,Platygastridae,Platygasteridae H,parasitoid,0,0,0,0,0,0,0,0,0,0,0,0,0,0,0,0,0,0,0,0,1,0,0,0,0,0,0,0,0,0,0,0,0,0,0,0,0,0,0,0,0,0,0,0,1,0,0,0,0,0,0,0,0,0,0,0,0,0,0,0,0,0,1,0,0,0,0,0,0,0,0,0,0,0,0
Hymenoptera,Platygastridae,Platygasteridae I,parasitoid,1,0,1,5,3,1,1,0,1,1,13,0,4,2,0,1,1,2,0,3,4,1,1,0,0,0,0,0,0,0,0,1,1,0,2,0,1,1,0,1,0,0,0,1,1,0,0,2,0,2,0,2,0,3,1,0,0,3,2,0,2,0,0,0,0,1,1,0,0,0,0,1,0,3,0
Hymenoptera,Platygastridae,Platygasteridae J,parasitoid,0,0,0,0,0,0,0,0,1,0,0,0,0,0,0,0,0,0,0,0,0,0,0,0,0,0,0,0,0,0,0,0,0,0,0,0,0,0,0,0,0,0,0,0,0,0,0,0,0,0,0,1,1,0,0,0,0,0,0,0,0,0,0,0,0,0,0,0,0,0,0,0,0,0,0
Hymenoptera,Platygastridae,Platygasteridae K,parasitoid,0,0,0,0,0,0,0,1,0,0,1,0,0,1,0,0,0,1,0,0,0,3,0,0,0,0,0,0,2,2,0,0,0,0,0,0,1,0,0,0,0,0,0,0,0,0,0,0,0,0,0,0,0,0,0,0,0,0,0,0,0,0,0,0,0,0,0,0,1,0,0,0,0,0,1
Hymenoptera,Platygastridae,Platygasteridae L,parasitoid,0,0,0,0,0,0,0,0,0,0,0,0,0,0,0,0,0,0,0,0,0,0,0,0,0,0,0,0,0,0,0,0,0,0,0,0,0,0,0,0,0,0,0,1,0,0,0,0,0,0,0,0,0,0,0,0,0,0,0,0,0,0,0,0,0,0,0,0,0,0,0,0,0,0,0
Hymenoptera,Platygastridae,Platygasteridae M,parasitoid,0,0,0,0,0,0,0,1,0,0,0,0,0,0,1,0,1,0,1,0,0,0,0,0,0,2,0,1,0,0,0,0,0,0,0,0,0,0,0,0,0,0,0,1,0,0,0,0,0,0,0,0,0,0,0,0,0,0,0,0,0,0,0,0,0,0,0,0,0,0,0,0,0,0,0
Hymenoptera,Platygastridae,Platygasteridae N,parasitoid,0,1,1,0,0,0,1,1,0,0,0,1,0,0,1,1,0,0,1,0,3,1,0,0,0,1,0,2,1,0,0,0,0,0,0,0,0,0,0,2,1,2,0,1,1,0,0,1,0,0,0,1,0,1,0,0,0,2,0,0,0,0,1,0,0,0,0,0,0,0,1,0,1,0,0
Hymenoptera,Platygastridae,Platygasteridae O,parasitoid,0,0,0,0,0,0,0,0,0,0,1,0,0,0,0,0,0,0,0,0,0,0,0,0,0,0,0,0,0,0,0,0,1,0,0,0,0,0,0,0,0,0,0,0,0,0,0,0,0,0,0,0,0,0,0,0,0,0,0,0,0,0,0,0,0,0,0,0,0,0,0,0,0,0,0
Hymenoptera,Diapriidae,Diapriidae A,parasitoid,0,0,0,2,2,0,2,0,1,0,0,0,0,0,0,0,0,0,0,1,0,2,1,1,0,2,0,2,0,0,3,3,3,2,2,1,0,0,0,0,0,0,0,0,1,4,1,0,2,1,0,2,0,7,1,1,0,2,1,1,0,0,2,0,0,0,0,0,0,1,0,0,0,0,0
Hymenoptera,Diapriidae,Diapriidae B,parasitoid,0,0,0,0,1,0,0,1,0,0,0,0,1,0,0,3,0,0,2,0,0,2,1,1,1,0,0,0,0,0,0,0,0,1,0,1,0,0,0,0,2,0,0,1,1,0,0,0,0,2,0,1,2,0,2,1,1,0,0,0,0,0,0,2,1,0,0,0,0,0,1,2,11,0,0
Hymenoptera,Diapriidae,Diapriidae C,parasitoid,0,1,0,0,0,0,0,0,0,0,0,0,0,0,0,0,0,0,0,0,0,0,0,0,0,0,0,0,0,0,0,0,0,0,0,0,0,0,0,0,0,0,0,0,0,0,0,0,0,0,0,0,0,0,0,0,0,0,0,0,3,0,0,0,0,0,0,0,0,0,0,0,1,0,0
Hymenoptera,Megaspilidae,Megaspilidae A,parasitoid,1,0,0,0,0,0,0,0,0,0,0,1,0,0,0,0,0,0,0,0,0,1,0,0,0,0,0,0,1,0,0,0,0,0,0,1,0,0,0,0,2,0,0,1,0,0,0,0,0,0,0,0,0,0,0,0,0,0,0,0,0,1,0,0,0,0,0,0,0,0,0,0,0,0,0
Hymenoptera,Crabronidae,Crabronidae A,parasitoid,0,1,0,0,0,1,0,0,0,0,2,0,1,0,0,0,0,0,0,1,0,1,0,0,0,1,4,3,3,0,0,0,0,0,1,0,0,10,0,0,0,0,3,1,0,0,0,0,0,0,0,0,0,0,0,0,0,0,0,0,0,0,1,0,0,0,0,0,0,0,0,0,0,0,0
Hymenoptera,Crabronidae,Crabronidae B,parasitoid,0,0,0,0,0,0,0,0,0,0,0,0,0,0,0,0,0,0,0,0,0,0,0,0,0,0,0,0,0,0,0,0,0,0,1,0,0,0,0,0,0,0,0,0,0,0,0,0,0,0,0,0,0,0,0,0,0,0,0,0,0,0,0,0,0,0,0,0,0,0,0,0,0,0,0
Hymenoptera,Crabronidae,Crabronidae C,parasitoid,0,0,0,0,0,0,0,0,0,0,0,0,0,0,0,0,0,0,0,0,0,0,0,0,0,0,0,0,0,0,0,0,0,0,0,0,0,0,0,1,0,0,0,0,0,0,0,0,0,0,0,0,0,0,0,0,0,0,0,0,0,0,0,0,0,0,0,0,0,0,0,0,0,0,0
Hymenoptera,Bethylidae,Bethylidae A,parasitoid,0,0,0,0,0,0,0,0,0,0,0,0,0,0,0,0,0,0,0,0,0,0,1,0,0,0,0,0,0,0,0,0,0,1,1,0,1,0,0,1,0,0,0,0,0,0,0,0,0,0,0,0,0,0,0,0,0,0,0,0,0,0,1,0,0,0,0,0,0,0,0,0,0,0,0
Hymenoptera,Bethylidae,Bethylidae B,parasitoid,0,0,0,0,0,0,1,0,0,0,0,0,1,0,0,0,1,0,0,0,0,1,0,0,0,0,1,1,0,0,0,0,0,0,0,0,0,0,0,1,1,0,1,2,0,0,0,0,0,0,0,0,0,0,0,0,0,0,0,0,0,0,0,0,2,0,0,0,0,0,1,0,0,0,0
Hymenoptera,Eucoilidae,Eucoilidae A,parasitoid,0,0,0,0,0,0,0,0,1,1,0,0,0,2,0,0,1,0,0,0,1,0,1,1,0,0,0,0,0,0,0,2,1,2,1,0,1,2,2,0,1,0,0,0,1,4,7,6,6,8,7,11,7,6,2,3,1,3,4,3,12,2,6,12,6,10,25,3,5,6,7,9,8,2,1
Hymenoptera,Eucoilidae,Eucoilidae B,parasitoid,0,0,0,0,0,0,0,0,0,0,1,0,0,0,0,0,0,0,0,0,0,0,0,0,0,0,0,0,0,0,0,0,0,0,0,0,0,0,0,0,0,1,0,0,0,0,0,0,0,0,0,0,0,0,0,0,0,0,0,0,0,0,0,0,0,0,0,0,0,0,0,0,0,0,0
Hymenoptera,Eucoilidae,Eucoilidae C,parasitoid,0,1,0,0,0,0,0,0,0,0,2,1,0,0,0,0,0,0,0,0,0,0,1,0,0,0,1,0,0,0,0,0,0,0,0,0,0,0,0,0,0,0,1,0,0,0,0,0,0,0,0,0,0,0,0,0,0,0,0,0,0,0,0,0,1,0,0,0,0,0,0,0,0,0,0
Hymenoptera,Dryinidae,Echthrodelphax fairchildii ,parasitoid,0,0,0,1,0,0,1,0,0,0,0,0,0,0,0,0,0,0,0,0,0,0,0,0,0,0,0,0,0,0,0,0,0,0,0,0,0,0,0,0,0,0,0,0,0,0,0,0,0,0,0,0,0,0,0,0,0,0,0,0,0,0,0,0,0,0,0,0,0,0,0,0,0,0,0
Hymenoptera,Formicidae,Ochetellus glaber,non-spider predator,0,0,0,0,0,0,0,0,0,0,0,0,0,0,0,0,0,1,10,6,0,17,10,0,0,0,1,1,3,4,12,7,3,5,8,17,5,20,7,11,19,5,1,39,15,2,3,5,11,4,5,0,3,1,0,1,0,0,0,1,19,24,39,55,57,28,27,30,24,65,31,50,67,22,27
Hymenoptera,Formicidae,Pristomyrmex punctatus,others or unknown,0,0,0,0,0,0,0,0,0,0,0,0,0,0,0,0,0,0,0,0,0,0,0,0,0,0,0,0,0,0,0,0,1,0,0,0,0,0,0,0,2,0,0,0,0,0,0,0,0,0,0,0,0,0,0,0,0,0,0,0,0,0,0,0,0,0,0,0,0,12,0,0,0,0,0
Hymenoptera,Formicidae,Nylanderia sp.,non-spider predator,0,0,0,0,0,1,0,0,0,0,0,0,0,0,0,7,1,2,2,4,0,1,1,1,0,1,0,0,1,0,0,0,0,2,2,5,0,3,0,1,1,0,0,0,0,0,0,0,0,0,0,0,0,0,0,0,0,0,0,0,1,2,0,0,0,1,0,2,2,2,0,2,1,1,0
Hymenoptera,Formicidae,Myrmicinae A,others or unknown,0,0,0,0,0,0,0,0,0,0,0,0,0,0,0,0,0,0,0,0,0,0,0,0,0,0,0,0,0,0,0,0,2,0,4,0,0,0,0,1,0,0,0,0,0,0,0,0,0,0,0,0,0,0,0,0,0,0,0,0,0,0,0,0,3,0,0,0,0,0,0,0,0,0,0
Hymenoptera,Formicidae,Formicidae A,non-spider predator,0,0,0,0,0,0,0,0,0,0,0,0,0,0,0,0,2,0,0,0,0,0,0,0,1,0,0,0,0,0,0,0,0,0,0,0,0,0,0,0,0,0,0,2,1,0,0,0,0,0,0,0,0,0,0,0,0,0,0,0,0,0,0,0,0,0,0,0,0,0,0,0,0,0,0
Hymenoptera,Formicidae,Formicidae B,non-spider predator,0,0,0,0,0,1,0,0,0,0,0,0,0,0,0,0,0,0,1,0,0,0,0,0,0,0,0,0,0,0,0,0,0,0,0,0,0,0,0,0,0,0,0,0,0,0,0,0,0,0,0,0,0,0,0,0,0,0,0,0,0,0,0,0,0,0,0,0,0,0,0,0,0,0,0
Psocoptera,Caeciliusidae,Caeciliusidae A,others or unknown,0,0,0,0,0,0,0,0,3,0,0,0,0,0,0,0,0,0,0,0,0,2,0,1,0,0,0,2,0,0,0,0,0,0,0,0,0,0,0,0,0,0,0,0,0,0,0,1,0,0,0,0,0,0,0,0,0,0,0,0,0,0,0,0,0,0,0,0,0,0,0,0,0,0,0
Psocoptera,Psocoptera unknown,Psocoptera A,others or unknown,0,0,0,0,0,0,0,0,0,0,0,0,0,0,0,0,1,0,0,0,1,0,0,0,6,0,0,0,0,0,0,0,0,0,0,0,0,0,0,0,0,0,0,0,0,0,0,0,0,0,0,0,0,0,0,0,0,0,0,0,0,1,0,0,0,0,0,0,1,0,0,0,0,0,0
Psocoptera,Psocoptera unknown,Psocoptera B,others or unknown,0,0,0,0,0,0,0,0,0,0,1,1,0,0,0,0,0,0,0,0,1,0,0,0,4,0,0,0,0,2,3,0,0,0,0,3,0,0,0,0,1,1,0,1,1,0,2,0,0,5,7,1,5,0,0,0,4,2,1,0,0,1,2,1,8,2,1,2,0,0,0,1,0,2,2
Coleoptera,Laemophloeidae,Cryptolestes sp.,others or unknown,0,1,0,0,0,0,2,0,0,0,0,0,0,0,0,1,0,0,1,1,4,1,2,2,3,0,0,1,0,0,0,0,0,0,0,0,2,0,0,3,0,0,0,0,4,2,0,0,1,0,0,1,0,0,0,2,0,0,0,0,0,4,0,1,1,2,1,0,4,2,1,2,1,0,0
Coleoptera,Cleridae,Neohydnus hozumii,non-spider predator,6,2,3,1,2,4,6,6,0,8,3,5,6,5,4,0,3,3,2,7,5,12,5,3,2,4,0,6,4,3,3,2,4,4,9,5,9,2,8,7,6,4,8,1,8,0,0,0,0,0,0,0,0,0,0,0,0,0,0,0,3,4,0,1,1,4,0,0,1,2,1,2,3,0,2
Coleoptera,Melyridae,Intybia takaraensis,non-spider predator,1,0,0,0,0,0,0,0,0,0,0,0,0,0,0,0,1,0,0,0,0,0,0,0,0,0,0,0,0,0,0,0,0,0,0,0,0,0,0,0,0,0,0,0,0,0,0,0,0,0,0,0,0,0,0,0,0,0,0,0,0,0,0,0,0,0,0,0,0,0,0,0,0,0,0
Coleoptera,Corylophidae,Sericoderus sp.,detritivore,0,0,0,0,0,0,0,0,0,0,0,0,0,0,0,2,8,1,0,1,2,1,2,4,2,0,0,0,2,0,3,1,1,2,3,0,7,2,1,2,1,0,0,0,0,3,4,2,0,2,9,0,2,0,0,0,1,0,0,1,7,4,4,2,4,6,10,1,2,3,2,3,2,1,1
Coleoptera,Corylophidae,Corylophus sp.,detritivore,0,0,0,0,0,0,0,0,0,0,0,0,0,0,0,2,0,0,0,0,0,0,0,0,0,0,0,0,0,0,0,0,0,1,1,3,0,0,0,0,0,0,0,0,1,0,0,0,0,1,0,0,0,0,0,0,0,0,0,0,1,0,1,0,2,0,0,0,1,0,0,0,1,0,0
Coleoptera,Corylophidae,Corylophidae A,detritivore,0,0,0,0,0,0,0,0,0,1,0,0,0,0,0,0,0,0,0,0,0,0,0,0,1,0,0,0,0,0,1,0,0,0,0,0,0,2,0,0,0,0,1,0,2,0,0,0,0,0,0,0,0,0,0,0,0,0,0,0,1,1,1,2,2,0,4,0,0,0,2,0,1,0,0
Coleoptera,Coccinellidae,Scymnus babai,non-spider predator,20,13,19,13,17,19,24,28,36,27,12,10,16,8,5,16,6,12,13,15,16,18,7,7,11,31,35,11,19,29,6,8,5,7,23,18,17,16,7,6,12,15,6,7,14,2,1,0,1,1,2,1,0,5,9,7,8,4,3,1,2,0,1,1,0,5,0,3,3,2,7,9,5,2,1
Coleoptera,Coccinellidae,Scymnus hoffmanni,non-spider predator,20,22,21,14,19,14,20,33,21,13,14,10,16,21,5,24,6,23,21,13,32,11,7,19,22,21,10,10,12,11,3,7,9,4,9,4,14,4,6,3,4,1,5,3,10,1,0,0,0,1,2,0,1,1,1,0,3,4,5,4,2,3,2,1,6,5,0,0,2,1,1,2,1,4,4
Coleoptera,Coccinellidae,Anisosticta kobensis,non-spider predator,0,0,0,1,0,0,0,1,1,0,0,0,0,0,0,0,0,0,0,0,1,0,0,0,2,0,0,0,0,0,0,0,0,0,0,0,0,0,0,0,0,0,0,0,0,0,0,0,0,0,0,0,0,1,0,0,0,0,0,0,0,0,0,0,0,0,0,0,0,0,0,0,0,0,0
Coleoptera,Coccinellidae,Harmonia axyridis,non-spider predator,1,0,0,0,0,0,0,0,0,0,0,0,0,0,0,0,0,1,1,3,1,2,0,2,0,0,1,1,2,0,0,0,0,0,0,0,0,0,0,0,0,1,0,0,0,0,0,0,0,0,0,0,1,0,0,0,0,0,0,0,0,0,0,0,1,0,0,0,0,0,0,0,0,0,0
Coleoptera,Coccinellidae,Propylaea japonica,non-spider predator,0,0,0,0,0,0,0,0,0,0,0,0,0,0,0,0,0,0,0,0,0,0,0,0,0,0,0,0,0,3,0,0,0,0,0,0,0,0,0,0,0,0,0,0,0,0,0,0,0,0,0,0,0,0,0,0,0,0,0,0,0,0,0,0,0,0,0,0,0,0,0,0,0,0,0
Coleoptera,Byrrhidae,Byrrhidae A,detritivore,0,0,0,0,0,0,0,0,0,0,0,0,0,1,1,0,0,0,0,0,0,0,0,0,0,0,0,0,0,0,9,0,8,0,5,14,3,1,0,0,0,0,2,0,0,0,0,0,0,0,0,0,0,0,0,0,0,0,0,0,2,2,4,0,0,1,0,0,0,0,0,0,0,0,0
Coleoptera,Lathridiidae,Corticaria ornata,detritivore,0,0,0,0,0,0,0,0,0,0,0,0,0,0,0,0,0,0,0,0,0,0,0,0,0,1,1,1,0,0,0,0,0,0,0,0,0,0,0,0,0,0,0,0,0,0,0,0,0,0,0,0,0,0,0,0,0,0,0,0,2,0,0,0,0,1,0,3,1,0,0,1,0,0,1
Coleoptera,Lathridiidae,Melanophthalma sp.,detritivore,2,4,6,3,3,0,2,8,0,1,3,1,2,0,2,13,12,0,4,5,5,0,5,3,3,2,2,1,6,2,3,0,3,0,4,4,2,0,0,2,3,4,0,2,0,1,1,0,1,1,2,0,1,0,0,3,1,1,0,3,3,3,1,2,0,2,1,0,0,1,1,4,1,1,3
Coleoptera,Silvanidae,Psammoecus sp.,others or unknown,0,0,0,0,0,0,0,0,0,0,0,0,0,0,0,0,0,0,0,0,0,0,0,0,0,0,0,0,0,0,0,0,2,0,0,0,0,0,0,0,0,0,0,0,0,0,0,0,0,0,0,0,0,0,0,0,0,0,0,0,0,0,0,0,0,0,0,0,0,0,0,0,0,0,0
Coleoptera,Silvanidae,Silvanidae A,others or unknown,0,0,0,0,0,0,0,0,0,0,0,0,0,0,0,0,0,0,0,0,0,0,0,0,0,0,0,0,0,0,0,0,1,0,0,0,0,0,0,0,0,0,0,0,0,0,0,0,0,0,0,0,0,0,0,0,0,0,0,0,0,0,0,0,0,0,0,0,0,0,0,0,0,0,0
Coleoptera,Chrysomelidae,Phyllotreta nemorum,leaf chewer,0,0,0,0,0,0,0,0,0,0,0,0,0,0,0,0,0,0,0,0,0,0,0,0,0,0,0,0,0,0,0,0,0,0,0,0,0,0,0,0,0,0,0,1,0,0,0,0,0,0,0,0,0,0,0,0,0,0,0,0,0,0,0,0,0,0,0,0,0,0,0,0,0,0,0
Coleoptera,Chrysomelidae,Alticinae A,leaf chewer,0,0,0,0,0,0,0,0,0,0,0,1,1,0,1,1,0,0,0,0,0,0,0,0,0,0,1,0,0,0,0,0,1,0,0,0,0,0,0,4,0,0,0,0,0,0,0,0,1,0,0,0,0,0,0,0,0,0,0,0,0,0,0,0,0,0,0,1,0,0,0,1,0,0,0
Coleoptera,Chrysomelidae,Alticinae B,leaf chewer,0,0,0,0,0,0,0,0,0,0,0,0,0,0,0,1,0,0,0,0,0,0,0,0,0,0,0,0,0,1,0,0,0,0,0,0,0,0,0,0,0,0,0,0,0,0,0,0,0,0,0,0,0,0,0,0,0,0,0,0,0,0,0,0,0,0,0,0,0,0,0,0,0,0,0
Coleoptera,Anthicidae,Anthelephila impertrix,leaf chewer,0,0,0,0,0,0,0,0,0,0,0,0,0,0,0,0,3,0,0,0,0,0,0,0,0,0,1,1,7,19,0,0,2,0,3,5,0,2,0,0,0,3,0,3,0,0,0,0,0,0,0,0,0,0,0,0,0,0,0,0,0,0,0,0,0,0,0,0,1,0,0,0,0,0,0
Coleoptera,Anthicidae,Sapintus sp.1,detritivore,1,0,0,0,0,0,0,0,0,0,0,0,0,0,0,0,0,0,0,1,0,0,0,0,0,0,0,0,0,0,0,1,0,0,0,0,0,0,0,0,0,0,0,0,0,0,0,0,0,0,0,0,0,0,0,0,0,0,0,0,4,5,1,0,0,1,0,0,1,0,2,1,0,0,0
Coleoptera,Anthicidae,Sapintus sp.2,detritivore,0,0,0,0,0,0,0,1,0,0,0,0,0,0,0,0,0,0,0,0,0,0,0,0,0,0,0,0,0,0,0,0,0,0,0,0,0,0,0,0,0,0,0,0,0,0,0,0,0,0,0,0,0,0,0,0,0,0,0,0,1,0,0,0,0,1,0,0,0,1,0,1,1,0,0
Coleoptera,Anthicidae,Macratria griseosellata,detritivore,27,31,68,126,51,68,54,58,53,40,70,56,54,47,39,28,2,5,11,29,3,36,10,7,4,40,65,75,76,37,4,21,22,8,31,32,5,7,22,52,16,33,9,57,13,1,1,1,2,0,0,1,2,0,0,1,1,1,3,0,15,4,3,5,3,2,2,1,3,6,3,4,7,2,3
Coleoptera,Anthicidae,Anthicidae A,detritivore,0,0,0,0,0,0,0,0,0,0,0,0,0,0,0,0,0,0,0,0,0,0,0,0,0,0,0,0,0,0,0,0,0,0,0,0,0,0,0,0,0,1,0,0,0,0,0,0,0,0,0,0,0,0,1,0,0,0,0,0,0,0,0,0,0,0,0,0,0,0,0,0,0,0,0
Coleoptera,Staphylinidae,Staphylinidae A,non-spider predator,0,0,0,0,0,0,0,0,0,0,0,0,0,0,0,0,0,0,0,0,0,1,0,0,0,0,0,0,0,0,0,0,0,0,1,0,0,0,0,1,0,0,1,0,2,0,0,0,0,0,0,0,0,0,0,0,0,0,0,0,0,0,0,0,0,1,0,1,0,0,0,1,0,0,0
Coleoptera,Staphylinidae,Astenus sp.,non-spider predator,0,0,0,0,0,0,0,0,0,0,0,0,0,0,0,0,0,0,0,0,0,0,0,0,1,0,0,1,0,0,1,0,0,1,0,0,0,0,0,0,0,0,0,0,0,0,0,0,0,0,1,0,0,0,0,0,0,0,0,0,0,0,0,0,0,0,0,0,0,0,0,0,0,0,0
Coleoptera,Staphylinidae,Stenus japonicus,non-spider predator,0,0,0,0,0,0,1,0,0,0,0,0,1,0,2,0,0,0,0,0,0,0,0,0,7,0,0,0,0,0,0,0,0,0,0,0,0,0,0,0,0,0,0,0,0,0,0,0,0,0,0,0,0,0,0,0,0,0,0,0,1,0,0,1,0,0,0,0,0,0,0,1,0,0,0
Coleoptera,Cryptophagidae,Cryptophagus sp.,detritivore,0,0,0,0,2,0,0,0,0,0,0,0,0,0,0,2,0,0,0,0,0,0,1,0,0,0,1,0,0,0,0,1,0,0,2,0,0,2,0,0,0,0,0,0,0,0,0,0,0,0,0,0,0,0,0,0,0,0,0,0,0,1,0,0,1,0,1,0,0,1,0,0,1,0,0
Coleoptera,Cryptophagidae,Atomaria sp.,detritivore,0,0,0,0,0,0,0,0,0,0,0,0,0,0,0,0,0,0,0,0,0,0,0,0,1,0,0,0,0,0,0,0,0,0,0,0,0,0,0,0,0,0,0,0,0,0,0,0,0,0,0,0,0,3,1,3,1,0,2,1,0,0,0,0,0,0,0,0,0,0,0,0,0,0,0
Coleoptera,Phalacridae,Merobrachys sp.,detritivore,2,2,0,2,6,0,0,0,2,4,1,0,4,2,0,6,6,0,5,6,4,2,5,1,4,6,2,3,3,2,24,21,19,18,26,26,28,16,7,6,5,11,5,7,4,5,5,5,2,9,9,2,4,1,6,3,1,2,1,3,18,27,11,23,22,40,23,7,4,6,19,18,18,3,7
Coleoptera,Scirtidae,Scirites sp.,detritivore,0,0,1,0,0,0,0,0,0,1,0,0,0,0,1,2,0,0,0,1,0,1,0,0,0,0,0,0,0,0,0,0,6,1,2,0,0,0,0,0,1,1,0,0,0,0,0,0,0,0,0,0,0,0,0,0,0,0,0,0,1,1,0,0,1,0,3,0,0,0,1,2,0,0,0
Coleoptera,Mordellidae,Mordellistena sp.,stem borer,1,0,0,0,0,0,0,0,0,0,0,1,0,0,0,2,2,0,2,0,0,6,5,0,3,2,0,1,0,13,0,4,3,0,0,8,1,0,1,0,1,4,1,2,3,0,1,0,0,0,0,0,0,0,0,0,0,0,0,0,0,0,0,0,1,1,0,0,0,0,0,1,1,0,0
Coleoptera,Carabidae,Tachys sp.,non-spider predator,1,0,0,0,0,0,0,0,0,0,0,2,1,1,0,0,0,0,0,0,0,0,0,0,0,0,0,0,0,0,0,0,0,1,0,0,0,0,0,0,0,0,0,0,0,0,0,0,0,0,0,0,0,0,0,0,0,0,0,0,0,0,0,0,0,0,0,0,0,0,0,0,0,0,0
Coleoptera,Carabidae,Bembidion sp.,non-spider predator,0,0,0,0,0,0,0,0,0,0,0,0,0,0,0,0,0,0,1,0,0,0,0,0,2,0,0,0,0,0,0,0,0,0,0,1,0,0,0,0,0,0,0,0,0,0,0,0,0,0,0,0,0,0,0,0,0,0,0,1,0,0,0,0,0,0,0,0,0,0,0,0,0,0,0
Coleoptera,Carabidae,Odacantha metallica,non-spider predator,0,0,0,0,0,0,0,0,0,0,0,0,0,0,0,0,0,0,0,0,1,0,0,0,0,0,0,0,0,0,0,0,0,0,0,0,0,0,0,0,0,0,0,0,0,0,0,0,0,0,0,0,0,0,0,0,0,0,0,0,0,0,0,0,0,0,0,0,0,0,0,0,0,0,0
Coleoptera,Anthribidae,Anthribidae A,stem borer,0,0,0,0,0,0,0,0,0,0,0,0,0,0,0,0,2,0,0,0,0,0,0,0,0,0,0,0,0,0,0,0,0,0,0,0,0,0,0,0,0,0,0,0,0,0,0,0,0,0,0,0,0,0,0,0,0,0,0,0,0,0,0,0,0,0,0,0,0,0,0,0,0,0,0
Coleoptera,Anthribidae,Anthribidae B,stem borer,0,0,0,0,0,0,0,0,0,0,0,0,0,0,0,0,0,0,0,0,1,0,0,0,1,0,0,0,0,0,0,0,0,0,0,0,0,0,0,0,0,0,0,0,0,0,0,0,0,0,0,0,0,0,0,0,0,0,0,0,0,0,0,0,0,0,0,0,0,0,0,0,0,0,0
Coleoptera,Curculionidae,Curculionidae A,stem borer,0,0,0,0,0,0,0,0,0,0,0,0,0,0,0,0,0,0,0,0,0,0,0,0,0,0,0,0,0,0,0,0,0,0,0,0,0,0,0,1,0,0,0,0,0,0,0,0,0,0,0,0,0,0,0,0,0,0,0,0,0,0,0,0,0,0,0,0,0,0,0,0,0,0,0
Coleoptera,Curculionidae,Curculionidae B,stem borer,0,0,0,0,0,0,0,0,1,0,0,0,0,0,0,1,0,0,0,0,0,0,0,0,0,0,0,0,0,1,0,0,0,0,0,0,0,0,0,0,0,0,0,0,0,0,0,0,0,0,0,0,0,0,0,0,0,0,0,0,0,0,0,0,0,0,0,0,0,0,0,0,0,0,0
Coleoptera,Elateridae,Aeoloderma agnata,leaf chewer,0,0,0,0,1,0,0,0,0,0,0,0,0,0,0,0,3,0,0,0,0,0,0,0,0,0,0,0,0,0,0,0,0,0,0,0,0,0,0,0,0,0,0,0,0,0,0,0,0,0,0,0,0,0,0,0,0,0,0,0,0,0,0,0,0,0,0,0,0,0,0,0,0,0,0
Coleoptera,Scolytidae,Scolytidae A,stem borer,0,0,0,0,0,0,1,0,0,0,0,0,1,0,0,0,0,0,0,0,0,3,1,1,0,4,0,1,2,1,0,0,0,0,0,0,0,0,0,0,0,0,1,0,3,0,0,0,0,1,0,0,0,0,0,0,0,0,0,0,0,0,2,0,1,2,0,3,1,0,1,0,0,0,0
Coleoptera,Scolytidae,Scolytidae B,stem borer,0,0,0,0,0,0,0,0,0,0,0,0,0,0,0,0,0,0,0,0,0,0,0,0,0,0,0,0,0,0,0,0,0,0,0,0,2,0,0,0,0,1,0,0,0,0,0,0,0,0,0,0,0,0,0,0,0,0,0,0,0,0,0,0,0,0,0,0,0,0,0,1,0,0,0
Coleoptera,Scolytidae,Scolytidae C,stem borer,0,0,0,0,0,0,0,0,0,0,0,0,0,0,0,0,0,0,0,0,0,0,0,0,0,0,0,0,0,0,0,0,0,0,0,0,0,0,0,0,0,0,0,0,0,0,0,0,0,0,0,0,0,0,0,0,0,0,0,0,0,0,2,0,0,0,0,0,0,0,0,0,0,0,0
Coleoptera,Endomychidae,Endomychidae A,detritivore,0,0,0,0,0,0,0,0,0,0,0,0,0,0,0,0,0,0,0,0,0,0,0,0,0,0,0,0,0,1,0,0,1,0,0,1,0,0,0,4,0,2,0,0,0,0,0,0,0,0,0,0,0,0,0,0,0,0,0,0,0,0,0,0,0,0,0,0,0,0,0,0,0,0,0
Coleoptera,Ptiliidae,Ptiliidae A,detritivore,0,0,0,0,0,0,0,0,0,0,0,0,0,0,0,0,0,0,0,0,0,0,0,0,0,0,0,0,0,0,0,0,0,0,0,0,0,0,0,0,0,0,0,0,0,0,6,0,0,1,6,0,1,1,1,1,1,6,1,1,1,0,1,0,0,1,0,0,0,0,0,0,0,0,0
Diptera,Tipulidae,Tipulidae A,detritivore,0,0,0,0,0,0,0,0,0,0,0,0,0,0,0,0,0,0,0,0,0,0,0,0,0,0,0,0,0,0,1,0,0,0,0,2,1,0,0,0,0,5,6,0,2,1,2,5,9,7,8,5,1,3,4,0,4,4,3,2,6,0,2,2,3,9,5,1,1,5,6,5,5,8,7
Diptera,Tipulidae,Tipulidae B,detritivore,4,0,0,0,0,13,2,0,0,0,0,3,0,0,7,0,0,0,0,0,0,0,0,0,0,0,2,0,0,0,0,0,0,0,0,0,0,0,0,1,0,1,0,0,0,0,0,0,0,1,0,0,0,1,0,0,0,0,0,0,0,0,2,0,0,0,0,0,0,0,0,0,0,0,0
Diptera,Chironomidae,Chironomidae A,others or unknown,1,3,8,6,7,6,9,14,14,20,7,27,18,23,6,3,2,0,9,9,2,4,1,3,1,7,3,3,3,2,0,2,2,2,1,1,4,3,5,8,2,2,2,4,4,2,2,0,2,1,0,2,8,4,2,0,0,0,0,2,2,0,1,0,2,0,1,1,0,2,0,2,0,1,0
Diptera,Chironomidae,Chironomidae B,others or unknown,2,4,4,0,3,4,9,9,7,3,6,5,7,2,7,0,2,1,13,11,1,3,2,3,4,0,1,0,2,7,2,1,0,0,2,0,2,1,0,0,12,1,0,2,0,0,0,0,0,0,2,1,2,0,0,2,0,1,2,0,0,0,1,0,0,0,1,0,1,2,0,0,0,0,0
Diptera,Chironomidae,Chironomidae C,others or unknown,2,0,1,0,0,1,0,0,2,2,0,0,1,2,0,2,5,0,0,0,0,0,0,0,0,1,0,0,0,0,1,0,0,0,0,0,0,0,0,0,0,0,0,0,0,0,0,0,0,0,0,0,0,0,0,0,0,0,0,0,0,0,0,0,0,0,0,0,0,0,0,0,0,0,0
Diptera,Chironomidae,Chironomidae D,others or unknown,0,0,0,0,0,2,7,9,23,5,2,8,10,16,5,0,14,0,53,41,51,7,17,16,40,11,12,12,10,44,0,1,2,0,2,0,0,0,0,0,0,0,0,0,0,0,0,0,0,0,0,2,0,0,0,0,0,0,0,0,0,0,0,0,0,0,0,0,0,0,0,0,0,0,0
Diptera,Cecidomyiidae,Cecidomyiidae A,others or unknown,8,0,0,0,0,1,0,2,0,2,0,1,0,0,0,25,0,0,0,0,0,0,0,0,0,0,0,0,0,0,0,0,0,0,0,0,1,2,0,0,0,0,0,4,0,0,0,0,0,1,3,3,0,0,0,0,0,0,0,0,1,0,0,0,2,0,0,0,0,0,0,0,0,0,0
Diptera,Cecidomyiidae,Cecidomyiidae B,others or unknown,0,0,0,0,0,0,0,0,0,0,3,0,0,0,0,0,0,0,0,0,0,0,0,1,0,0,0,0,0,2,0,1,5,2,0,0,1,0,0,0,0,0,0,0,0,4,0,2,0,0,0,0,0,0,0,0,1,0,0,0,0,0,1,0,0,0,0,0,1,0,1,0,1,0,1
Diptera,Cecidomyiidae,Cecidomyiidae C,others or unknown,0,0,0,0,0,1,0,0,0,0,1,1,0,0,0,0,4,2,0,0,2,0,0,4,3,0,0,0,0,1,0,0,0,0,0,0,0,0,0,0,0,0,0,0,1,0,0,0,0,0,0,0,1,0,0,0,0,0,0,0,0,0,0,0,0,0,0,0,0,1,0,0,0,1,0
Diptera,Cecidomyiidae,Cecidomyiidae D,others or unknown,0,0,0,0,6,0,0,0,0,0,0,0,0,0,0,0,2,0,0,0,0,0,0,0,0,0,0,0,0,0,0,0,0,0,0,0,0,0,0,0,0,0,0,0,0,0,0,0,0,3,1,2,1,1,0,0,0,1,0,0,1,0,0,0,0,0,0,0,0,0,1,0,0,0,0
Diptera,Culicidae,Culex sp.,detritivore,2,0,0,0,1,2,0,6,4,2,1,0,0,0,1,0,0,0,0,1,5,1,0,0,0,1,0,0,1,0,3,1,1,1,1,0,0,3,1,0,1,0,3,1,0,0,0,2,1,1,2,1,4,2,3,0,2,3,3,1,1,0,0,1,2,0,0,0,0,0,0,0,1,2,0
Diptera,Culicidae,Culicidae A,others or unknown,1,0,0,4,0,0,2,0,2,2,2,0,0,0,0,0,0,0,0,0,0,1,1,1,2,0,0,0,1,0,0,0,0,0,0,0,0,0,0,0,0,0,0,0,0,0,0,1,0,0,0,0,0,0,1,0,1,0,1,0,0,0,0,0,0,0,0,0,3,0,0,0,0,0,0
Diptera,Culicidae,Culicidae B,others or unknown,26,6,3,2,6,16,21,49,0,22,14,18,44,15,11,0,0,0,0,1,0,0,0,2,0,0,5,3,2,0,0,0,0,0,0,0,0,0,0,0,0,0,0,0,0,0,2,0,0,0,0,0,0,0,0,0,0,1,0,0,0,0,0,0,1,0,0,1,0,0,0,0,0,0,0
Diptera,Chloropidae,Lasiosina sp.,stem borer,12,2,5,3,0,3,4,16,4,6,4,5,6,8,0,1,3,0,4,0,1,0,3,0,0,1,0,0,0,0,3,5,2,0,2,0,3,0,0,0,2,4,2,2,2,1,1,3,1,3,6,4,2,5,5,1,1,2,0,4,10,18,14,13,21,10,1,5,4,6,8,13,8,2,4
Diptera,Chloropidae,Mepachymerus sp.,stem borer,12,1,0,1,0,0,1,0,2,2,4,2,1,1,0,1,0,0,0,0,0,0,0,1,0,0,0,0,0,0,34,19,65,78,13,13,20,8,0,4,4,1,1,8,10,0,0,0,0,0,0,0,0,1,0,0,0,1,3,1,5,3,15,4,22,46,4,17,8,24,51,75,58,15,20
Diptera,Chloropidae,Elachiptera sp.,stem borer,2,0,0,0,1,0,0,2,0,0,0,1,0,0,2,1,0,0,0,0,0,1,0,0,0,4,5,1,7,1,4,1,0,2,1,3,3,1,0,1,0,2,0,1,4,1,0,0,2,2,2,2,1,2,1,0,3,0,0,1,7,7,7,5,14,7,2,4,2,8,8,3,9,1,3
Diptera,Chloropidae,Cadrema sp.,stem borer,1,0,0,0,0,2,0,0,0,0,3,1,0,0,0,0,0,0,0,2,2,2,1,2,5,0,0,0,0,0,1,0,0,4,2,0,0,0,0,0,0,0,1,0,0,2,1,1,7,9,1,3,4,9,2,5,1,9,2,1,0,1,0,6,1,1,2,2,0,0,0,2,1,1,9
Diptera,Chloropidae,Metopostigma sp.,stem borer,0,0,0,0,0,0,0,0,0,0,0,0,0,0,0,0,0,0,0,0,0,0,0,0,0,0,0,0,0,0,2,0,0,0,0,0,0,0,0,0,0,0,0,0,0,0,0,0,0,0,0,0,0,0,0,0,0,0,0,0,0,0,0,0,0,0,0,0,0,0,0,0,0,0,0
Diptera,Chloropidae,Terusa frontata,stem borer,0,0,1,0,0,0,0,0,0,0,0,0,0,0,0,0,0,0,0,0,0,0,0,0,0,0,0,0,0,0,0,1,0,0,0,0,0,0,0,0,0,0,0,0,1,0,0,0,0,0,0,0,0,0,0,0,0,0,0,0,0,1,0,0,0,0,0,0,0,0,0,0,0,0,0
Diptera,Chloropidae,Oscinellinae A,stem borer,1,1,0,0,0,0,0,0,0,1,0,0,0,1,1,1,2,0,0,1,0,0,1,0,1,0,1,1,3,0,28,2,2,2,1,2,1,4,0,0,2,3,6,0,2,6,3,10,9,18,18,26,13,33,11,19,13,12,21,12,4,1,11,15,6,9,7,1,3,6,6,15,13,6,7
Diptera,Chloropidae,Oscinellinae B,stem borer,1,3,2,0,0,5,0,2,0,0,0,0,1,1,0,10,2,1,4,1,3,2,4,0,3,0,2,0,4,0,1,2,3,3,2,6,2,3,5,1,1,6,3,7,7,0,1,1,0,1,0,0,0,0,0,0,0,0,0,0,4,3,1,1,3,0,2,1,2,0,5,7,1,1,2
Diptera,Chloropidae,Chloropidae A,stem borer,0,0,0,0,0,0,0,0,7,1,0,3,2,3,0,0,0,0,0,0,0,0,3,0,0,0,0,0,1,0,0,3,0,2,0,0,0,0,0,0,0,1,0,0,0,0,0,0,0,0,0,0,1,0,0,0,0,0,0,0,0,0,0,0,0,0,0,0,0,0,0,0,0,0,0
Diptera,Chloropidae,Chloropidae B,stem borer,0,0,0,0,0,0,0,0,0,0,0,0,0,0,0,0,0,0,0,0,0,0,1,0,2,0,0,0,0,0,0,0,1,0,0,0,0,0,0,0,0,0,0,0,0,0,0,0,0,0,0,0,0,0,0,0,0,0,0,0,0,0,0,0,0,0,0,0,0,0,0,0,0,0,0
Diptera,Lauxaniidae,Homoneura sp.,detritivore,1,1,1,0,0,0,0,0,0,0,0,0,2,0,0,0,0,2,1,0,3,0,1,0,3,0,0,0,0,1,8,2,6,8,1,7,3,0,1,0,0,2,0,2,0,16,9,13,13,9,18,20,13,19,17,16,23,13,16,17,7,13,2,12,31,51,77,2,5,10,12,33,17,0,0
Diptera,Lauxaniidae,Lauxaniidae A,detritivore,0,0,0,0,0,0,0,0,0,0,0,0,0,0,0,0,0,0,0,0,0,0,0,0,0,0,0,0,0,0,0,0,0,0,0,0,0,0,0,0,2,0,0,0,0,0,0,0,0,0,0,0,0,0,1,0,0,0,0,0,0,0,0,0,0,0,0,0,0,0,0,1,0,0,0
Diptera,Lauxaniidae,Lauxaniidae B,detritivore,0,0,0,0,0,0,0,0,0,0,0,0,0,0,0,0,0,0,0,0,0,0,0,0,0,0,0,0,0,0,0,1,1,1,0,0,0,0,0,0,0,0,0,0,0,0,0,0,0,0,0,0,0,0,0,0,0,0,0,0,0,0,0,0,0,0,0,0,0,0,0,0,0,0,0
Diptera,Ephydridae,Allotrichoma sp.,leaf chewer,20,13,59,57,20,9,14,26,10,10,10,6,5,9,2,2,1,1,0,2,1,0,0,0,0,2,4,2,3,0,2,1,3,1,4,2,12,4,0,1,0,3,3,0,0,2,7,3,1,7,6,0,6,10,9,6,8,14,9,70,3,10,11,6,9,6,10,3,1,8,27,27,37,15,30
Diptera,Ephydridae,Ephydridae A,leaf chewer,0,0,0,0,0,0,0,0,0,0,0,0,1,0,0,0,0,0,0,0,0,0,2,0,1,0,1,0,0,0,0,0,0,0,0,4,0,0,1,0,0,0,0,1,0,0,0,0,1,0,0,0,1,0,0,0,0,0,1,1,1,0,0,1,3,0,1,0,0,5,0,0,0,0,0
Diptera,Ephydridae,Ephydridae B,leaf chewer,0,0,0,0,0,0,0,0,0,0,0,0,0,0,0,0,0,0,0,0,0,0,0,0,0,0,0,1,1,0,1,0,0,0,0,0,0,0,0,0,0,0,0,0,0,0,0,0,0,0,0,0,3,0,0,0,0,0,0,0,0,0,0,0,0,0,0,0,0,0,0,0,0,0,0
Diptera,Calliphoridae,Calliphoridae A,detritivore,0,1,0,0,0,0,0,0,0,0,0,0,0,0,0,0,0,0,0,5,0,0,5,0,0,0,0,0,0,0,0,0,3,0,0,0,0,0,0,0,0,0,0,0,0,0,0,0,0,0,0,0,0,0,0,0,0,0,0,0,0,0,0,0,0,0,0,0,0,0,0,0,0,0,0
Diptera,Ulidiidae,Ceroxys urticae,others or unknown,0,0,0,0,0,0,0,0,1,0,0,0,0,1,0,0,1,1,0,0,0,0,0,0,0,0,0,0,0,0,0,0,0,0,0,0,0,0,0,0,0,0,0,0,0,0,0,0,0,0,0,0,0,0,0,0,0,0,0,0,1,1,0,4,0,0,0,1,0,0,0,0,0,0,0
Diptera,Empididae,Syndyas sp.,non-spider predator,5,4,1,0,3,3,1,20,9,0,3,1,1,2,0,23,5,22,14,22,11,15,10,11,34,19,11,13,29,11,26,18,11,16,3,2,3,11,4,4,9,10,14,11,17,12,11,2,6,9,6,13,4,2,2,0,0,2,1,1,40,1,26,24,25,16,3,29,11,49,37,44,37,25,24
Diptera,Empididae,Empididae A,non-spider predator,0,0,0,1,0,0,0,0,0,0,0,0,0,0,0,0,0,0,0,0,0,0,0,11,0,0,0,0,0,0,0,0,0,0,0,0,0,0,0,0,0,0,0,0,0,0,0,0,0,0,0,0,0,0,0,2,0,0,0,0,0,0,0,0,0,0,0,0,1,0,0,1,0,0,0
Diptera,Empididae,Empididae B,non-spider predator,0,0,0,0,0,0,0,0,0,0,0,0,0,0,0,0,0,1,0,0,0,1,0,0,0,0,0,0,0,0,1,0,0,3,3,1,0,0,0,0,0,1,0,0,0,0,0,0,0,0,0,0,0,0,0,0,0,0,0,0,0,0,1,0,1,3,2,0,0,0,0,1,0,4,1
Diptera,Medetera,Sciapodinae A,non-spider predator,0,0,0,1,1,1,0,0,0,0,0,0,0,0,1,1,0,0,0,0,0,0,0,0,0,0,0,0,0,0,0,1,0,0,0,0,1,1,0,0,0,1,0,0,1,2,3,1,1,5,4,13,2,5,3,2,2,1,2,2,1,0,1,1,2,6,1,2,2,1,4,4,5,0,1
Diptera,Medetera,Medetera A,non-spider predator,0,0,0,0,0,0,0,0,0,1,0,0,0,0,0,0,0,0,0,1,0,0,0,0,0,0,0,0,0,0,0,0,0,0,0,0,0,0,0,0,0,1,0,0,0,0,0,0,0,0,0,0,3,0,0,0,0,0,0,0,1,0,0,0,0,0,0,0,1,0,0,0,1,0,0
Diptera,Medetera,Medetera B,non-spider predator,0,0,0,0,0,0,0,0,0,0,0,0,0,0,0,0,0,0,0,0,0,0,0,0,0,0,0,0,0,0,0,0,0,0,0,0,0,0,0,0,0,1,0,0,0,0,0,1,0,0,0,0,0,0,0,0,0,0,0,2,0,0,1,1,0,0,0,0,0,0,0,0,0,0,0
Diptera,Medetera,Medetera C,non-spider predator,0,0,0,0,0,0,0,0,0,0,0,0,0,0,0,0,0,0,0,0,0,0,0,0,0,0,0,0,0,0,0,0,0,0,0,0,0,0,0,0,0,1,0,0,0,0,0,0,0,0,0,0,0,0,0,0,0,0,0,0,0,0,0,0,0,0,0,0,0,0,0,0,0,0,0
Diptera,Ceratopogonidae,Ceratopogonidae A,detritivore,0,0,0,0,0,0,0,0,0,0,0,0,0,0,0,0,0,1,0,0,0,0,0,0,0,0,0,1,0,0,0,0,2,1,0,2,1,0,1,0,0,0,0,0,0,2,0,0,7,2,6,8,5,7,0,0,0,1,12,2,1,0,0,0,0,0,0,0,0,2,0,1,13,0,0
Diptera,Ceratopogonidae,Ceratopogonidae B,detritivore,5,1,2,15,0,7,5,0,12,5,1,2,0,11,0,0,1,5,4,4,2,0,5,12,5,0,0,2,0,0,46,0,0,16,0,1,26,8,11,30,0,56,7,27,193,3,0,0,3,0,4,0,2,2,3,6,3,3,7,8,17,9,8,21,42,22,26,20,15,41,81,38,78,28,49
Diptera,Psychodidae,Psychodidae A,detritivore,0,2,0,0,0,0,0,1,3,4,1,1,5,10,1,0,0,0,0,0,0,0,0,0,0,0,1,0,1,6,0,0,0,1,0,0,0,0,0,0,0,0,0,0,0,3,0,4,0,4,1,0,4,0,1,0,0,2,1,1,1,1,0,0,6,1,1,0,0,2,1,1,0,0,2
Diptera,Phoridae,Phoridae A,others or unknown,0,0,0,0,0,0,0,0,0,0,0,0,0,0,0,1,0,0,0,0,1,0,0,0,0,0,1,0,0,0,0,0,0,0,0,0,0,0,0,6,4,0,5,5,0,0,0,0,0,0,0,0,0,1,0,0,0,0,0,0,0,0,0,0,0,0,0,0,0,0,0,0,0,0,0
Diptera,Phoridae,Phoridae B,others or unknown,0,0,0,0,0,0,0,0,0,0,0,0,0,0,0,0,0,0,0,0,0,0,0,0,0,0,0,0,0,0,0,0,0,0,0,0,0,0,0,0,0,0,0,0,1,0,0,0,0,0,0,0,0,0,0,1,0,0,0,0,0,0,0,0,0,0,0,0,0,0,0,0,0,0,0
Diptera,Stratiomyidae,Stratiomyidae A,detritivore,0,0,0,0,0,0,0,0,0,0,0,0,0,0,0,0,0,0,0,0,0,0,0,0,2,0,0,0,0,0,0,0,0,0,0,0,0,0,0,0,0,0,0,0,0,0,0,0,0,0,0,0,0,0,0,0,0,0,0,0,0,0,0,0,0,0,0,0,0,0,0,0,0,0,0
Diptera,Sciomyzidae,Sepedon aenescens,non-spider predator,0,0,0,0,0,0,0,0,0,0,0,0,0,0,0,0,0,0,1,0,0,0,0,0,0,0,0,0,0,0,0,0,0,0,0,0,0,0,0,0,0,0,0,0,0,0,0,0,0,0,0,0,0,0,0,0,0,0,0,0,0,0,0,0,0,0,0,0,0,0,0,0,0,0,0
Diptera,Tabanidae,Tabanidae A,non-spider predator,0,0,0,0,0,0,0,0,0,0,0,0,0,0,0,0,0,0,0,0,0,1,0,0,0,0,0,0,0,0,0,0,0,0,0,0,0,0,0,0,0,0,0,0,0,0,0,0,0,0,1,0,0,0,0,0,0,0,0,0,0,0,0,0,0,0,0,0,0,0,0,0,0,0,0
Diptera,Mycetophilidae,Mycetophilidae A,detritivore,0,0,0,0,0,0,0,0,0,0,0,0,0,0,1,0,0,5,0,0,0,1,0,0,2,6,2,0,0,1,0,0,0,0,0,0,0,0,0,0,0,0,0,0,0,0,0,0,0,0,0,0,0,2,0,0,2,3,0,0,0,0,0,0,0,0,0,0,0,0,0,0,0,0,0
Diptera,Otitidae,Melieria omissa,others or unknown,0,0,0,0,0,0,0,0,0,0,0,0,0,0,0,0,0,0,0,0,1,0,1,0,0,0,0,0,0,0,0,0,0,0,0,0,0,0,0,0,0,0,0,0,0,0,0,0,0,0,0,0,0,0,0,0,0,0,0,0,0,0,0,0,0,0,0,0,0,0,0,0,0,0,0
Diptera,Sarcophagidae,Sarcophagidae A,detritivore,0,0,0,0,0,0,1,0,0,0,0,0,0,0,0,1,0,1,0,0,0,1,0,0,1,0,2,0,1,0,0,0,1,0,1,0,0,0,0,0,0,0,0,0,0,0,0,1,0,0,0,1,0,0,0,0,0,0,0,0,0,0,0,0,0,2,0,0,1,0,0,0,0,0,1
Diptera,Muscidae,Muscidae A,detritivore,0,0,0,0,0,0,0,0,0,0,0,0,0,0,0,0,0,1,0,0,0,0,1,0,0,0,0,0,0,0,0,0,0,0,0,0,0,0,0,0,0,0,0,0,0,0,0,0,0,0,0,0,0,0,0,0,0,0,0,0,0,0,0,0,0,0,0,1,0,1,0,0,0,0,0
Thysanoptera,Phlaeothripidae,Phlaeothripidae A.,others or unknown,0,0,0,0,0,0,0,0,0,0,0,1,2,0,0,0,0,1,6,10,1,3,4,2,1,0,0,0,2,3,1,0,1,1,0,2,0,0,0,6,1,0,2,1,0,0,0,0,0,0,0,0,0,0,0,0,0,0,0,0,8,1,2,0,0,0,0,0,0,0,0,0,0,0,0
Thysanoptera,Phlaeothripidae,Bactrothrips sp.,leaf sucker,0,0,1,0,0,0,0,0,0,2,0,0,0,2,0,3,0,0,0,1,0,1,0,1,0,2,1,10,16,8,0,0,0,0,0,0,0,0,0,0,2,1,0,0,0,0,0,0,0,0,0,0,0,0,0,0,0,0,0,0,0,0,0,0,0,0,0,0,0,0,0,0,0,0,0
Thysanoptera,Thripidae,Thripidae A,leaf sucker,0,0,0,0,0,0,0,0,0,1,0,0,0,0,0,0,0,0,0,0,1,1,1,0,0,1,1,1,0,0,0,0,0,1,0,0,0,0,0,0,0,0,0,0,0,1,0,0,0,0,0,1,0,0,0,1,0,0,1,0,1,0,0,0,0,0,1,1,0,1,0,0,0,0,0
Thysanoptera,Thripidae,Thripidae B,leaf sucker,0,0,0,0,0,0,0,0,0,0,0,0,0,0,0,0,0,0,0,0,0,0,0,0,0,0,0,0,0,0,0,0,0,0,0,0,0,0,1,0,0,0,0,0,0,0,0,0,0,0,0,0,0,0,0,0,0,0,0,0,0,0,0,0,0,0,0,0,0,0,0,0,0,0,0
Thysanoptera,Thripidae,Thripidae C,leaf sucker,0,0,0,0,0,0,0,0,0,0,0,0,0,0,0,0,0,0,0,0,0,0,0,0,0,0,0,1,0,0,0,0,0,0,0,0,0,0,0,0,0,0,0,0,0,0,0,0,0,0,0,0,0,0,0,0,0,0,0,0,0,0,0,0,0,0,0,0,0,0,0,0,0,0,0
Orthoptera,Conoccephalidae,Conocephalus sp.,leaf chewer,0,0,0,0,0,0,0,0,0,0,0,0,0,0,0,0,0,0,0,0,0,0,0,0,0,0,0,0,0,0,0,0,0,0,0,0,0,0,0,0,0,0,1,0,0,1,0,0,1,2,1,4,1,0,2,2,1,3,0,2,0,0,2,0,0,1,0,0,0,1,0,2,0,0,0
Orthoptera,Conoccephalidae,Pseudorhynchus sp.,leaf chewer,0,0,0,0,0,0,0,0,0,0,0,0,0,0,0,0,0,0,0,0,0,0,0,0,0,0,0,0,0,0,0,0,0,0,0,0,0,0,0,0,0,0,0,1,0,0,0,0,0,0,0,0,0,0,0,0,0,0,0,0,0,0,0,0,0,0,0,0,0,0,0,0,0,0,0
Orthoptera,Gryllidae,Anaxipha pallidula,leaf chewer,0,0,0,0,0,0,0,0,0,0,0,0,0,0,0,0,0,0,0,0,0,1,0,0,0,0,0,0,0,0,0,0,0,0,0,0,0,0,0,0,0,0,0,0,0,2,0,2,1,0,2,0,2,0,2,1,2,4,2,4,1,0,1,0,0,0,0,0,0,1,0,0,2,0,0
Orthoptera,Gryllidae,Oecanthus sp.,leaf chewer,0,0,0,0,0,0,0,0,0,0,0,0,0,0,0,0,0,0,0,0,0,0,0,0,0,0,6,2,1,3,0,0,0,0,0,0,0,0,0,0,0,0,0,0,0,0,0,0,0,0,0,0,0,0,0,0,0,0,0,0,0,0,0,0,0,0,0,0,0,0,0,0,0,0,0
Orthoptera,Phaneropteridae,Phaneroptera falcata ,leaf chewer,0,0,0,0,0,0,0,0,0,0,0,0,0,0,0,0,0,0,0,0,0,0,0,0,0,0,0,0,0,0,0,0,0,0,0,0,0,0,0,0,1,0,0,1,0,0,0,0,0,0,0,0,0,0,0,0,0,0,0,0,0,0,0,0,0,0,0,0,0,0,0,0,0,0,0
Orthoptera,Pyrgomorphidae,Atractomorpha sp.,leaf chewer,0,0,0,0,0,0,0,0,0,0,0,0,0,0,0,0,0,0,0,0,0,0,0,1,0,0,0,0,0,0,0,0,1,0,0,0,0,0,0,0,0,0,0,0,0,0,0,0,0,0,0,0,0,0,0,0,0,0,0,0,0,0,0,0,0,0,0,0,0,0,0,0,0,0,0
Ephemeroptera ,Baetidae,Baetidae A,others or unknown,0,0,0,0,0,0,1,0,0,0,0,0,0,1,0,0,0,0,0,0,0,0,0,0,0,0,0,0,0,0,0,0,0,0,0,0,0,0,0,0,0,0,0,0,0,0,0,0,0,0,3,0,2,3,1,1,0,0,2,0,0,0,0,0,0,0,0,0,0,0,0,0,0,0,0
Ephemeroptera ,Baetidae,Baetidae B,others or unknown,0,0,0,0,0,0,0,0,0,0,0,0,0,0,0,0,0,0,0,0,0,0,0,0,0,0,0,0,0,0,0,0,0,0,0,0,0,0,0,0,0,0,0,0,0,0,0,0,0,0,0,0,0,0,0,2,0,0,0,1,0,0,0,0,0,0,2,0,0,0,0,0,0,0,0
Odonata,Coenagrionidae,Paracercion melanotum,non-spider predator,0,0,0,0,0,1,0,0,0,0,0,0,0,0,0,0,0,0,0,0,0,0,0,0,0,0,0,0,0,0,0,0,0,0,0,0,0,0,0,0,0,0,0,0,0,0,0,0,0,0,0,0,0,0,0,0,0,0,0,0,0,0,0,0,0,0,0,0,0,0,0,0,0,0,0
Odonata,Coenagrionidae,Ischnura sengalensis,non-spider predator,0,0,0,0,0,0,0,0,0,0,0,0,0,0,0,0,0,0,0,0,0,0,0,0,1,0,0,0,0,0,0,0,0,0,0,0,0,0,0,0,0,0,0,0,0,0,0,0,0,0,0,0,0,0,0,0,0,0,0,0,0,0,0,0,0,0,0,0,0,0,0,0,0,0,0
Blattaria,Blattellidae,Blattellidae A,detritivore,0,0,0,0,0,0,0,0,0,0,0,0,0,0,0,0,0,0,0,0,1,0,0,0,0,0,0,0,0,0,0,0,0,0,0,0,0,0,0,0,0,0,0,0,0,0,0,0,0,0,0,0,0,0,0,0,0,0,0,0,0,0,0,0,0,0,0,0,0,0,0,0,0,0,0
Neuroptera,Chrysopidae,Chrysoperla nippoensis,non-spider predator,0,0,0,0,0,0,0,0,0,0,0,1,0,0,0,0,0,1,0,0,0,0,0,1,1,0,0,1,0,0,0,0,0,0,1,0,0,0,1,0,0,0,0,0,0,0,0,0,0,0,0,0,0,0,0,0,0,1,0,0,0,0,0,0,0,0,0,0,0,0,0,0,0,0,0
Araneida,Araneidae,Larinia sp.1,web-building spider,0,0,0,0,0,0,0,0,0,0,0,0,0,0,0,0,16,0,2,0,0,0,6,2,18,6,6,4,14,5,0,0,0,0,0,0,0,0,1,1,1,0,0,0,1,0,0,0,0,0,0,2,1,0,0,2,2,0,1,0,1,0,0,0,0,0,0,0,0,0,0,0,0,0,0
Araneida,Araneidae,Larinia sp.2,web-building spider,0,1,2,0,0,0,0,0,0,0,0,5,1,2,0,3,1,2,1,1,3,1,1,3,3,0,0,0,0,0,0,1,0,0,0,0,0,0,0,0,0,0,0,0,0,0,2,1,1,1,3,0,4,2,2,0,2,0,1,1,0,0,1,0,3,5,1,1,1,2,2,0,1,1,0
Araneida,Araneidae,Larinia sp.3,web-building spider,0,0,0,0,0,0,0,0,0,0,0,0,0,0,0,0,0,0,0,0,0,0,0,0,0,0,0,0,0,0,0,0,0,0,0,0,0,0,0,0,0,0,0,0,0,0,0,0,0,0,0,1,1,0,0,0,0,0,0,0,0,0,0,0,0,0,0,0,0,0,0,0,0,0,0
Araneida,Araneidae,Larinia sp.4,web-building spider,0,0,0,0,0,0,0,0,0,0,3,0,0,0,0,3,1,1,2,6,7,0,1,0,1,5,6,0,3,5,1,0,0,0,0,0,0,0,0,0,0,0,0,0,0,0,0,0,0,0,1,0,1,0,0,0,0,0,0,0,1,0,0,0,0,0,2,0,0,0,0,0,0,0,0
Araneida,Araneidae,Araneus sp.,web-building spider,0,0,0,0,0,0,0,0,0,0,0,0,0,0,0,0,0,0,0,0,1,0,0,0,0,0,0,0,0,0,0,0,0,0,0,0,0,0,0,0,0,0,0,0,0,0,0,1,0,0,0,0,0,0,0,0,4,0,0,0,2,0,0,0,0,0,0,0,0,0,0,0,1,0,0
Araneida,Araneidae,Neoscona sp.,web-building spider,1,0,0,0,2,0,1,1,1,0,2,0,0,0,0,2,1,1,0,0,0,0,1,1,0,0,0,0,0,0,0,0,0,0,0,0,0,0,0,0,0,0,0,0,0,0,0,0,0,0,1,0,3,0,0,1,0,1,0,0,0,0,0,0,1,0,0,0,0,0,0,1,0,1,0
Araneida,Araneidae,Araneus ejusmodi,web-building spider,0,1,1,0,0,1,0,0,0,0,1,0,0,0,0,0,2,0,0,0,0,0,3,4,3,2,0,0,0,0,1,2,2,1,4,2,1,2,0,0,1,0,0,0,1,0,0,0,0,4,0,0,1,0,1,0,0,1,1,0,5,0,1,0,0,0,1,3,1,3,1,0,2,0,0
Araneida,Araneidae,Araneidae A,web-building spider,5,0,0,0,0,2,0,3,1,3,0,2,0,0,0,0,1,0,0,3,0,0,0,2,5,4,1,3,0,0,1,0,0,0,0,0,0,0,0,0,0,0,0,0,2,2,0,0,1,0,0,0,0,0,0,0,0,0,0,0,0,0,0,0,0,2,0,0,0,1,0,0,0,0,1
Araneida,Araneidae,Araneidae B,web-building spider,0,1,0,1,0,0,0,0,0,1,0,0,0,0,0,0,1,4,7,2,14,9,0,2,6,5,0,0,2,2,0,0,0,0,1,0,0,0,0,0,0,0,0,0,0,0,0,0,0,0,0,0,0,0,0,0,0,0,0,0,0,0,0,0,0,0,0,0,0,0,0,0,0,0,0
Araneida,Araneidae,Araneidae C,web-building spider,2,0,0,0,0,0,0,0,0,0,0,0,0,0,0,0,0,1,9,5,5,3,0,2,0,0,0,4,0,0,0,0,0,0,0,0,0,0,0,0,0,0,0,0,0,0,0,0,0,0,0,0,0,0,0,0,0,0,0,0,0,0,1,0,0,0,0,0,0,0,0,0,1,0,0
Araneida,Araneidae,Araneidae D,web-building spider,0,0,0,0,0,0,0,0,0,0,0,0,0,0,0,0,0,0,1,1,0,0,0,0,0,0,2,0,0,0,0,0,0,0,0,0,0,0,0,0,0,0,0,1,0,0,0,0,0,0,0,0,0,1,0,0,0,1,0,0,0,0,0,0,0,2,0,0,0,0,0,0,0,0,0
Araneida,Theridiidae,Chrysso sp.1,web-building spider,0,0,0,0,0,0,0,0,0,0,0,0,0,0,0,0,0,0,0,0,1,0,0,0,0,0,0,0,0,0,2,0,0,0,0,1,0,0,0,0,0,0,0,0,0,1,0,2,5,4,2,0,14,2,3,1,2,7,0,1,4,0,0,0,3,2,1,4,0,2,1,1,0,0,1
Araneida,Theridiidae,Chrysso sp.2,web-building spider,0,0,0,0,0,0,0,0,0,0,0,0,0,0,0,0,0,0,0,0,0,0,0,0,0,0,0,0,0,0,0,0,0,0,0,0,0,0,0,0,0,0,0,0,0,2,4,4,3,4,5,11,15,7,8,1,7,20,7,14,3,0,2,0,4,1,3,0,7,9,7,9,1,2,0
Araneida,Theridiidae,Chrysso octomaculata,web-building spider,0,0,0,0,0,0,0,0,0,0,0,0,0,0,0,0,0,0,0,0,0,0,0,0,0,0,0,0,0,0,0,0,0,0,0,0,1,0,0,0,0,0,0,0,0,3,0,0,0,0,0,0,0,0,1,1,0,2,0,1,1,0,0,0,0,0,1,0,0,1,0,1,0,0,0
Araneida,Theridiidae,Theridiidae A,web-building spider,0,0,0,0,0,0,0,0,0,1,0,0,0,0,0,0,0,0,1,0,1,0,0,2,0,0,0,0,0,0,0,0,0,0,0,0,0,0,0,0,0,1,0,0,0,0,0,0,0,0,0,1,0,0,0,0,0,0,0,0,0,0,0,0,0,0,0,0,0,1,0,0,0,0,0
Araneida,Linyphiidae,Hylyphantes graminicola,web-building spider,5,0,3,3,5,6,11,7,4,4,5,0,6,0,5,9,1,3,0,1,3,0,0,0,9,2,2,1,0,2,2,0,0,0,0,0,0,0,1,0,1,1,0,0,0,0,0,1,1,13,2,0,1,3,6,7,8,2,0,5,3,0,0,1,1,2,3,0,1,0,0,1,1,0,0
Araneida,Linyphiidae,Linyphiidae A,web-building spider,0,3,4,3,0,5,3,2,3,6,0,5,1,6,0,8,0,1,3,1,0,1,0,0,1,0,0,0,0,2,4,2,1,3,6,0,0,0,0,0,0,0,0,0,0,5,6,1,0,2,6,2,0,0,1,1,1,0,3,5,0,0,2,2,0,0,0,0,0,1,1,1,0,0,0
Araneida,Tetragnathidae,Tetragnatha maxillosa,web-building spider,0,0,1,0,0,1,0,1,2,0,0,1,1,0,0,2,0,0,1,1,1,0,0,1,0,4,0,0,4,0,0,0,0,0,0,0,0,0,0,0,0,0,0,0,0,0,0,0,0,1,0,1,1,1,3,1,0,0,0,0,0,0,0,0,1,0,0,0,0,0,2,0,1,0,1
Araneida,Tetragnathidae,Tetragnatha sp.1,web-building spider,0,0,0,0,0,0,0,0,0,0,0,0,0,0,0,0,0,1,0,0,0,0,0,0,0,0,0,0,0,0,0,0,0,0,0,0,0,0,0,0,0,0,0,0,0,0,0,0,0,0,0,0,0,0,0,0,0,0,0,0,0,0,0,0,0,0,0,0,0,0,0,0,0,0,0
Araneida,Tetragnathidae,Tetragnatha sp.2,web-building spider,0,0,0,2,2,3,2,1,2,1,2,4,1,2,3,4,5,5,7,7,7,1,2,3,9,8,11,1,1,7,0,1,0,0,1,1,1,0,0,0,0,0,0,0,0,5,7,3,0,3,0,2,2,2,0,4,1,3,4,9,1,0,2,0,4,4,3,0,0,3,2,2,4,2,1
Araneida,Tetragnathidae,Tetragnatha sp.3,web-building spider,0,0,0,0,0,0,0,0,0,0,0,1,0,0,0,0,0,0,0,2,0,0,0,0,0,0,0,0,0,0,0,1,0,0,1,0,0,0,0,0,0,0,0,0,0,0,0,0,0,0,0,0,0,0,0,0,0,0,0,0,0,0,0,0,0,0,0,0,0,0,0,2,0,0,0
Araneida,Tetragnathidae,Tetragnatha sp.4,web-building spider,0,0,0,0,0,0,0,0,0,0,0,0,0,0,0,0,0,0,0,0,0,0,0,0,0,0,0,0,0,0,0,0,0,0,0,1,0,0,0,0,0,0,0,0,0,0,0,0,0,0,0,0,0,0,0,0,0,0,0,0,0,0,0,1,0,0,0,0,0,0,0,0,0,0,0
Araneida,Salticidae,Salticidae A,hunting spider,1,1,0,0,0,0,1,0,1,2,2,0,1,0,0,0,0,0,2,0,0,4,0,0,1,0,2,1,0,0,6,0,0,5,1,0,0,0,2,2,1,1,0,2,2,3,0,1,0,6,7,1,3,1,2,5,0,4,0,1,2,3,2,4,1,4,1,2,2,1,3,3,2,0,1
Araneida,Salticidae,Salticidae B,hunting spider,1,0,0,0,0,0,0,0,0,0,0,0,0,0,0,0,0,0,2,1,2,3,1,1,0,0,1,0,0,0,1,0,1,4,5,0,0,2,1,1,0,0,0,5,0,2,1,1,3,0,4,1,1,1,1,1,0,0,2,5,2,6,1,5,3,5,6,3,2,1,5,6,2,5,3
Araneida,Salticidae,Salticidae C,hunting spider,0,0,0,0,1,0,0,0,0,0,0,1,0,0,0,0,0,0,0,0,0,0,0,0,0,0,0,0,0,0,0,0,1,0,1,1,0,1,0,0,0,0,0,0,0,0,0,0,0,0,0,0,0,0,0,0,0,0,0,0,0,0,0,0,0,0,0,0,0,0,0,0,0,0,0
Araneida,Salticidae,Salticidae D,hunting spider,0,0,0,0,0,0,0,0,0,0,0,0,0,0,0,0,0,0,0,0,0,0,0,0,0,0,0,0,0,0,0,0,0,0,1,0,0,0,0,1,0,2,0,2,0,0,0,0,0,0,0,0,0,0,0,0,0,0,0,0,0,0,0,0,0,0,0,0,0,0,0,0,0,0,0
Araneida,Salticidae,Evarcha sp.,hunting spider,0,0,0,0,1,0,0,0,0,0,0,2,0,0,0,2,0,0,3,2,1,0,0,0,0,0,0,0,0,1,0,0,0,0,0,0,0,0,0,0,0,0,0,0,0,0,0,0,0,1,0,1,1,2,2,0,2,0,0,4,1,0,0,2,0,0,0,2,0,0,0,2,1,0,1
Araneida,Salticidae,Mendoza canestrinii,hunting spider,1,0,0,0,0,0,0,0,0,0,0,0,0,0,0,0,0,1,0,0,0,0,0,0,0,0,0,0,0,0,0,0,0,0,0,0,0,0,0,1,0,0,0,0,0,0,0,0,0,0,0,0,0,0,0,0,0,0,0,0,0,0,0,0,0,0,0,0,0,0,0,0,0,0,0
Araneida,Salticidae,Mendoza sp.1,hunting spider,0,0,2,0,0,0,0,0,0,0,0,0,0,0,0,0,1,0,0,0,3,0,0,1,2,0,0,1,1,2,0,0,0,1,1,0,0,1,0,0,0,0,0,0,0,2,1,0,0,1,0,0,0,0,0,0,0,0,2,0,0,0,0,0,0,0,0,0,0,0,0,0,0,0,0
Araneida,Salticidae,Mendoza sp.2,hunting spider,2,0,0,1,1,1,0,0,3,2,0,0,2,1,0,1,4,4,0,1,0,6,3,2,3,2,2,1,1,2,0,2,2,1,4,0,7,2,0,3,0,0,2,0,2,2,6,6,7,11,9,9,10,7,3,5,5,7,3,6,6,4,4,9,11,9,8,7,1,7,12,14,6,4,1
Araneida,Salticidae,Myrmarachne sp.,hunting spider,0,0,0,0,0,0,1,0,0,0,0,0,0,0,0,0,0,0,0,0,0,0,0,0,0,0,0,0,0,0,0,0,0,0,0,0,0,0,0,0,0,0,0,0,0,0,0,0,0,0,0,0,0,0,0,0,0,0,0,0,0,0,0,0,0,0,0,0,0,0,0,0,0,0,0
Araneida,Philodromidae,Philodromus sp.1,hunting spider,1,1,2,1,0,0,1,0,2,0,1,0,0,1,0,0,1,1,1,1,1,0,1,0,1,1,0,1,2,1,1,0,0,0,0,0,0,0,2,0,1,1,1,0,0,0,0,0,1,0,0,0,0,0,0,0,0,0,0,0,0,0,0,1,0,0,0,0,0,0,0,0,0,0,0
Araneida,Philodromidae,Philodromus sp.2,hunting spider,0,0,0,0,0,0,0,0,1,0,0,1,1,0,2,0,4,0,9,10,1,0,1,0,1,0,0,2,0,0,0,0,0,0,0,0,0,0,0,0,0,0,0,0,0,0,0,0,0,0,0,0,0,0,0,0,0,0,0,0,0,0,0,0,0,0,0,0,0,0,1,0,0,0,0
Araneida,Philodromidae,Philodromus sp.3,hunting spider,0,0,0,0,0,0,2,0,0,0,0,0,0,0,0,1,0,0,0,0,0,0,0,0,0,0,0,0,0,0,0,0,0,0,0,0,0,0,0,0,0,0,0,0,0,0,0,0,0,0,0,0,0,0,0,0,0,0,0,0,0,0,0,0,0,0,0,0,0,0,0,0,0,0,0
Araneida,Gnaphosidae,Hitobia sp.,hunting spider,0,0,0,0,0,0,0,0,0,0,0,0,0,0,0,0,0,0,0,0,0,0,0,0,0,0,0,0,0,0,0,0,0,0,0,0,0,0,0,0,0,0,0,0,0,1,0,0,1,0,0,0,1,0,0,0,0,0,0,0,0,0,0,0,1,0,0,0,0,0,0,0,0,0,0
Araneida,Gnaphosidae,Gnaphosidae A,hunting spider,0,0,0,0,0,0,0,0,0,0,0,3,0,0,1,0,0,0,0,0,0,1,5,2,3,1,0,0,0,1,1,0,1,0,0,3,0,0,0,0,0,2,0,0,0,0,3,0,0,0,3,1,2,0,0,1,0,0,0,0,2,0,1,3,1,0,0,1,2,4,1,0,1,0,0
Araneida,Clubionidae,Clubiona sp.1,hunting spider,3,0,1,0,1,3,1,0,8,4,2,1,6,0,6,0,1,0,1,1,0,0,0,0,6,0,0,0,0,0,2,1,0,1,0,0,0,0,1,1,0,0,0,0,1,0,0,0,0,1,0,0,0,0,1,1,0,0,1,3,0,0,1,0,0,1,0,0,0,0,0,0,0,1,0
Araneida,Clubionidae,Clubiona sp.2,hunting spider,0,0,0,0,1,0,5,2,4,0,2,0,2,0,1,0,0,0,0,0,0,0,0,0,0,0,0,0,0,0,0,0,0,0,0,0,0,0,0,0,0,0,0,0,0,0,0,0,0,0,0,0,0,0,0,0,0,0,0,0,0,0,0,0,0,0,0,0,0,0,0,0,0,0,0
Araneida,Clubionidae,Clubiona sp.3,hunting spider,0,0,2,0,0,1,0,1,0,0,6,0,0,0,0,0,0,1,3,1,2,0,0,1,7,2,7,0,3,2,1,0,0,0,0,0,0,0,0,0,0,0,0,0,0,0,0,0,1,0,0,0,1,0,0,0,0,0,1,0,0,0,0,0,0,0,0,0,0,2,1,0,0,0,0
Araneida,Clubionidae,Clubiona sp.4,hunting spider,0,0,0,0,0,0,0,0,0,0,0,0,0,0,0,0,0,0,0,0,0,0,0,0,0,0,0,0,0,0,0,0,0,0,0,0,1,0,0,0,0,0,0,0,0,0,0,0,0,0,0,0,0,0,0,0,0,0,0,0,0,0,0,0,0,0,0,0,0,0,0,0,0,0,0
Araneida,Clubionidae,Clubiona vigil,hunting spider,0,0,0,0,0,0,0,0,0,0,0,0,0,0,0,0,0,0,0,0,0,0,0,0,0,0,1,0,0,0,0,0,0,0,0,0,0,0,0,0,0,0,0,0,0,0,0,0,0,0,0,0,0,0,0,0,0,0,0,0,0,0,0,1,0,0,0,0,0,0,0,0,0,0,0
Araneida,Thomisidae,Ebrechtella sp.,hunting spider,0,0,0,0,0,0,0,0,0,0,0,0,0,0,0,0,1,0,0,0,0,0,0,0,0,0,0,0,0,0,0,0,0,0,0,0,0,0,0,0,1,0,0,0,0,0,0,0,0,0,0,0,0,0,0,0,0,0,0,0,0,0,0,0,0,0,0,0,0,0,0,0,0,0,0
Araneida,Thomisidae,Xysticus sp.,hunting spider,0,0,0,0,0,0,0,0,0,0,0,0,0,0,0,0,0,0,0,1,0,1,1,0,1,0,0,0,0,0,0,0,0,0,0,0,0,0,0,0,0,0,0,0,1,0,0,0,0,0,0,0,0,0,0,0,0,0,0,0,0,0,0,0,0,0,0,1,0,0,0,0,0,0,0
Araneida,Thomisidae,Thomisidae A,hunting spider,0,0,0,0,0,0,4,0,0,0,0,0,0,0,0,1,2,0,0,0,2,0,0,0,9,0,0,0,0,2,0,0,2,0,0,0,0,0,0,0,0,0,0,0,0,0,0,1,0,0,0,0,0,0,0,0,0,0,0,0,0,0,0,0,0,0,0,0,0,0,0,0,0,0,0
Araneida,Thomisidae,Thomisidae B,hunting spider,0,0,0,0,0,0,0,0,0,0,0,0,0,0,0,0,0,0,0,0,0,0,0,0,0,0,0,0,0,0,0,0,0,0,0,0,0,0,0,0,0,0,0,0,0,0,0,0,0,0,0,0,0,0,0,0,0,0,0,0,0,0,0,0,0,0,0,0,0,0,0,0,1,0,1
Araneida,Pisauridae,Pisauridae A,hunting spider,0,0,2,0,3,1,1,0,0,1,4,4,3,4,0,1,4,5,3,4,2,1,2,3,13,5,1,0,3,7,3,0,1,1,1,0,0,1,0,0,1,0,0,0,0,5,3,8,5,10,9,7,13,13,15,10,10,17,11,7,0,0,5,1,4,3,4,1,2,0,4,15,5,3,3
Araneida,Pisauridae,Pisauridae B,hunting spider,0,0,0,0,0,0,0,0,0,0,0,0,0,0,0,0,0,0,0,0,0,0,0,0,0,0,0,0,0,0,0,0,0,0,0,0,0,0,0,0,0,0,0,0,0,0,0,0,0,2,1,1,0,0,0,0,0,0,0,2,0,0,0,0,1,0,0,0,1,2,0,0,1,0,3
