Plot,Stenocranus matsumurai,Terauchiana nigripennis,Euides speciosa,Delphacidae A,Delphacidae B,Dimorphopterus pallipes,Nysius sp.,Lygaeidae A,Taylorilygus apicalis,Corythucha marmorata,Tingidae A,Orius sp.,Blaptostethoides esakii,Nabidae A,Nisia atrovenosa,Rhopalidae A,Aphididae A,Derbidae A,Dikraneurini A,Varta longala,Cicadellidae A,Cicadellidae B,Cicadellidae C,Cicadellidae D,Cicadellidae E,Cicadellidae F,Cicadellidae G,Cicadellidae H,Cicadellidae I, Entomobryidae A,Proreus simulans,Opisthocosmiinae A,Forficulidae A,Heliozelidae A,Laelia coenosa,Lycaena phlaeas,Pyralidae A,Pyralidae B,Pyralidae C,Chalcididae A,Mymaridae A,Mymaridae B,Mymaridae C,Aprostocetus sp.1,Aprostocetus sp.2,Closterocerus sp.1,Eulophidae A,Eulophidae B,Eulophidae C,Eulophidae D,Eulophidae E,Eulophidae F,Eulophidae G,Eulophidae H,Eulophidae I,Eulophidae J,Eulophidae K,Eulophidae L,Eulophidae M,Eulophidae N,Eulophidae O,Eulophidae P,Eulophidae Q,Eulophidae R,Eulophidae S,Eulophidae T,Eulophidae U,Eulophidae V,Eulophidae W,Eulophidae X,Eulophidae Y,Torymus sp.,Torymidae A,Torymidae B,Torymidae C,Propicroscytus sp.,Pteromalidae A,Pteromalidae B,Pteromalidae C,Pteromalidae D,Pteromalidae E,Pteromalidae F,Pteromalidae G,Pteromalidae H,Pteromalidae I,Pteromalidae J,Pteromalidae K,Pteromalidae L,Pteromalidae M,Pteromalidae N,Eurytoma sp.1,Eurytoma sp.2,Eurytoma sp.3,Eurytoma sp.4,Astymachus japonicus,Boucekiella depressa,Platencyrtus aclerus,Encyrtidae A,Encyrtidae B,Encyrtidae C,Encyrtidae D,Eupelmidae A,Elasmidae A,Phaeoqenini A,Temelucha philippinensis,Diadegma akoensis,Gelis sp.,Agrotheretus sp.,Ichneumonidae A,Ichneumonidae B,Ichneumonidae C,Ichneumonidae D,Apanteles sp.1,Apanteles sp.2,Apanteles sp.3,Bracon adoxophyesi,Chorebus sp.,Chelonus sp.,Ascogaster sp.,Rhaconotus sp.1,Rhaconotus sp.2,Rhaconotus sp.3,Aleiodes sp.,Alyssinae A,Doryctinae A,Braconidae A,Braconidae B,Braconidae C,Braconidae D,Braconidae E,Braconidae F,Braconidae G,Braconidae H,Braconidae I,Braconidae J,Braconidae K,Braconidae L,Braconidae M,Braconidae N,Braconidae O,Braconidae P,Braconidae Q,Braconidae R,Braconidae S,Braconidae T,Braconidae U,Braconidae V,Braconidae W,Braconidae X,Braconidae Y,Eumicrosoma sp.,Telenomus sp.,Inostemma sp.,Platygasteridae A,Platygasteridae B,Platygasteridae C,Platygasteridae D,Platygasteridae E,Platygasteridae F,Platygasteridae G,Platygasteridae H,Platygasteridae I,Platygasteridae J,Platygasteridae K,Platygasteridae L,Platygasteridae M,Platygasteridae N,Platygasteridae O,Diapriidae A,Diapriidae B,Diapriidae C,Megaspilidae A,Crabronidae A,Crabronidae B,Crabronidae C,Bethylidae A,Bethylidae B,Eucoilidae A,Eucoilidae B,Eucoilidae C,Echthrodelphax fairchildii ,Ochetellus glaber,Pristomyrmex punctatus,Nylanderia sp.,Myrmicinae A,Formicidae A,Formicidae B,Caeciliusidae A,Psocoptera A,Psocoptera B,Cryptolestes sp.,Neohydnus hozumii,Intybia takaraensis,Sericoderus sp.,Corylophus sp.,Corylophidae A,Scymnus babai,Scymnus hoffmanni,Anisosticta kobensis,Harmonia axyridis,Propylaea japonica,Byrrhidae A,Corticaria ornata,Melanophthalma sp.,Psammoecus sp.,Silvanidae A,Phyllotreta nemorum,Alticinae A,Alticinae B,Anthelephila impertrix,Sapintus sp.1,Sapintus sp.2,Macratria griseosellata,Anthicidae A,Staphylinidae A,Astenus sp.,Stenus japonicus,Cryptophagus sp.,Atomaria sp.,Merobrachys sp.,Scirites sp.,Mordellistena sp.,Tachys sp.,Bembidion sp.,Odacantha metallica,Anthribidae A,Anthribidae B,Curculionidae A,Curculionidae B,Aeoloderma agnata,Scolytidae A,Scolytidae B,Scolytidae C,Endomychidae A,Ptiliidae A,Tipulidae A,Tipulidae B,Chironomidae A,Chironomidae B,Chironomidae C,Chironomidae D,Cecidomyiidae A,Cecidomyiidae B,Cecidomyiidae C,Cecidomyiidae D,Culex sp.,Culicidae A,Culicidae B,Lasiosina sp.,Mepachymerus sp.,Elachiptera sp.,Cadrema sp.,Metopostigma sp.,Terusa frontata,Oscinellinae A,Oscinellinae B,Chloropidae A,Chloropidae B,Homoneura sp.,Lauxaniidae A,Lauxaniidae B,Allotrichoma sp.,Ephydridae A,Ephydridae B,Calliphoridae A,Ceroxys urticae,Syndyas sp.,Empididae A,Empididae B,Sciapodinae A,Medetera A,Medetera B,Medetera C,Ceratopogonidae A,Ceratopogonidae B,Psychodidae A,Phoridae A,Phoridae B,Stratiomyidae A,Sepedon aenescens,Tabanidae A,Mycetophilidae A,Melieria omissa,Sarcophagidae A,Muscidae A,Phlaeothripidae A.,Bactrothrips sp.,Thripidae A,Thripidae B,Thripidae C,Conocephalus sp.,Pseudorhynchus sp.,Anaxipha pallidula,Oecanthus sp.,Phaneroptera falcata ,Atractomorpha sp.,Baetidae A,Baetidae B,Paracercion melanotum,Ischnura sengalensis,Blattellidae A,Chrysoperla nippoensis,Larinia sp.1,Larinia sp.2,Larinia sp.3,Larinia sp.4,Araneus sp.,Neoscona sp.,Araneus ejusmodi,Araneidae A,Araneidae B,Araneidae C,Araneidae D,Chrysso sp.1,Chrysso sp.2,Chrysso octomaculata,Theridiidae A,Hylyphantes graminicola,Linyphiidae A,Tetragnatha maxillosa,Tetragnatha sp.1,Tetragnatha sp.2,Tetragnatha sp.3,Tetragnatha sp.4,Salticidae A,Salticidae B,Salticidae C,Salticidae D,Evarcha sp.,Mendoza canestrinii,Mendoza sp.1,Mendoza sp.2,Myrmarachne sp.,Philodromus sp.1,Philodromus sp.2,Philodromus sp.3,Hitobia sp.,Gnaphosidae A,Clubiona sp.1,Clubiona sp.2,Clubiona sp.3,Clubiona sp.4,Clubiona vigil,Ebrechtella sp.,Xysticus sp.,Thomisidae A,Thomisidae B,Pisauridae A,Pisauridae B,
OP1,3,0,3,1,0,2,0,0,0,0,0,1,0,0,2,0,0,0,0,0,0,0,0,0,0,0,0,0,0,0,0,2,0,0,0,0,0,0,0,0,0,0,2,1,0,0,0,0,1,0,0,0,0,1,0,0,0,0,0,1,0,0,1,0,0,0,0,0,0,0,0,0,0,0,0,0,0,1,1,1,0,1,1,0,1,1,0,1,0,0,0,0,1,0,0,0,0,0,0,0,1,0,0,0,0,1,0,0,0,0,0,0,0,0,0,0,0,0,0,0,0,1,0,0,0,1,0,0,0,0,1,0,0,0,0,0,0,0,0,0,0,0,0,0,0,0,0,0,1,0,0,0,0,0,2,2,0,0,1,0,0,1,0,0,0,0,0,0,0,0,0,1,0,0,0,0,0,0,0,0,0,0,0,0,0,0,0,0,0,0,0,6,1,0,0,0,20,20,0,1,0,0,0,2,0,0,0,0,0,0,1,0,27,0,0,0,0,0,0,2,0,1,1,0,0,0,0,0,0,0,0,0,0,0,0,0,4,1,2,2,0,8,0,0,0,2,1,26,12,12,2,1,0,0,1,1,0,0,1,0,0,20,0,0,0,0,5,0,0,0,0,0,0,0,5,0,0,0,0,0,0,0,0,0,0,0,0,0,0,0,0,0,0,0,0,0,0,0,0,0,0,0,0,0,0,0,0,1,0,5,0,2,0,0,0,0,0,5,0,0,0,0,0,0,1,1,0,0,0,1,0,2,0,1,0,0,0,0,3,0,0,0,0,0,0,0,0,0,0,NA
OP2,0,0,0,0,0,0,0,0,0,0,0,0,0,0,0,0,0,0,0,0,0,0,0,0,0,0,0,0,0,0,0,0,0,0,0,0,0,0,0,0,0,0,0,0,0,0,0,0,0,0,0,0,1,2,0,0,0,0,0,0,0,0,0,0,0,0,0,0,0,0,0,0,0,0,0,0,0,0,0,0,0,0,0,1,0,0,0,0,0,0,0,0,1,1,0,0,0,0,0,0,0,0,0,0,0,1,0,0,0,0,0,0,0,0,0,0,0,0,0,0,0,0,0,0,0,0,0,0,0,0,0,0,0,0,0,0,0,0,0,0,0,0,0,0,0,0,0,0,0,1,1,0,0,0,0,2,0,1,0,0,0,0,0,0,0,0,1,0,0,0,1,0,1,0,0,0,0,0,0,1,0,0,0,0,0,0,0,0,0,0,1,2,0,0,0,0,13,22,0,0,0,0,0,4,0,0,0,0,0,0,0,0,31,0,0,0,0,0,0,2,0,0,0,0,0,0,0,0,0,0,0,0,0,0,0,0,0,3,4,0,0,0,0,0,0,0,0,6,2,1,0,0,0,0,1,3,0,0,1,0,0,13,0,0,1,0,4,0,0,0,0,0,0,0,1,2,0,0,0,0,0,0,0,0,0,0,0,0,0,0,0,0,0,0,0,0,0,0,0,0,0,0,0,1,0,0,0,0,1,0,1,0,0,0,0,0,0,0,3,0,0,0,0,0,1,0,0,0,0,0,0,0,0,1,0,0,0,0,0,0,0,0,0,0,0,0,0,0,0,NA
OP3,6,0,0,0,0,2,0,0,0,0,0,0,0,0,0,0,0,0,0,0,0,0,0,0,0,0,0,0,0,0,0,0,0,0,0,0,0,0,0,0,0,0,0,2,1,0,0,0,0,0,0,0,1,0,0,1,1,0,0,0,0,0,0,0,0,0,0,0,0,0,0,1,0,0,0,1,0,1,0,0,0,0,0,0,0,1,0,0,0,0,0,0,0,1,0,4,0,0,0,0,0,1,0,0,0,0,0,0,0,0,0,0,0,0,1,0,0,0,0,0,0,0,0,0,0,0,0,0,0,0,0,0,0,0,0,0,0,0,0,0,0,0,0,0,0,0,0,0,0,0,0,0,0,0,0,2,0,0,0,0,0,1,0,0,0,0,1,0,0,0,0,0,0,0,0,0,0,0,0,0,0,0,0,0,0,0,0,0,0,0,0,3,0,0,0,0,19,21,0,0,0,0,0,6,0,0,0,0,0,0,0,0,68,0,0,0,0,0,0,0,1,0,0,0,0,0,0,0,0,0,0,0,0,0,0,0,0,8,4,1,0,0,0,0,0,0,0,3,5,0,0,0,0,1,0,2,0,0,1,0,0,59,0,0,0,0,1,0,0,0,0,0,0,0,2,0,0,0,0,0,0,0,0,0,0,0,1,0,0,0,0,0,0,0,0,0,0,0,0,0,0,0,0,2,0,0,0,0,1,0,0,0,0,0,0,0,0,3,4,1,0,0,0,0,0,0,0,0,0,0,2,0,0,2,0,0,0,0,1,0,2,0,0,0,0,0,0,2,0,NA
OP4,5,0,0,0,0,2,0,0,0,0,0,0,0,0,0,0,0,0,0,0,0,0,0,0,0,0,0,0,0,0,0,0,0,1,0,0,0,0,0,0,0,7,0,0,1,0,0,0,0,0,0,0,1,2,0,0,0,2,0,0,0,0,0,0,0,0,0,0,0,0,0,0,0,0,1,1,0,0,0,0,0,0,1,1,0,11,0,0,0,0,1,0,0,1,1,2,2,0,1,0,0,1,0,0,0,0,0,0,0,0,0,0,0,0,0,0,0,0,0,0,0,0,0,0,0,0,0,0,0,0,0,0,0,0,0,0,0,0,0,0,0,0,0,0,0,0,0,0,0,0,1,0,0,0,0,0,0,0,0,0,0,5,0,0,0,0,0,0,2,0,0,0,0,0,0,0,0,0,0,0,1,0,0,0,0,0,0,0,0,0,0,1,0,0,0,0,13,14,1,0,0,0,0,3,0,0,0,0,0,0,0,0,126,0,0,0,0,0,0,2,0,0,0,0,0,0,0,0,0,0,0,0,0,0,0,0,0,6,0,0,0,0,0,0,0,0,4,2,3,1,0,0,0,0,0,0,0,0,0,0,0,57,0,0,0,0,0,1,0,1,0,0,0,0,15,0,0,0,0,0,0,0,0,0,0,0,0,0,0,0,0,0,0,0,0,0,0,0,0,0,0,0,0,0,0,0,0,0,0,0,1,0,0,0,0,0,0,3,3,0,0,2,0,0,0,0,0,0,0,0,0,1,0,1,0,0,0,0,0,0,0,0,0,0,0,0,0,0,0,NA
OP5,3,0,0,0,0,4,0,0,0,0,0,0,0,0,0,0,0,0,0,0,0,0,0,0,0,0,0,0,0,0,0,0,1,0,0,0,0,0,0,0,0,2,0,0,0,0,0,0,0,0,0,0,1,1,0,0,0,3,0,0,0,0,0,0,0,0,0,0,0,0,0,0,0,0,0,0,0,1,0,0,0,2,1,0,0,1,0,1,0,0,0,0,0,1,0,1,1,0,0,0,0,0,0,0,0,0,0,1,1,0,0,0,1,0,0,0,0,0,0,0,0,0,0,0,0,0,0,0,0,0,0,0,0,0,0,0,0,0,0,0,0,0,1,0,0,0,0,0,0,0,0,0,0,1,0,2,0,0,0,0,0,3,0,0,0,0,0,0,2,1,0,0,0,0,0,0,0,0,0,0,0,0,0,0,0,0,0,0,0,0,0,2,0,0,0,0,17,19,0,0,0,0,0,3,0,0,0,0,0,0,0,0,51,0,0,0,0,2,0,6,0,0,0,0,0,0,0,0,0,1,0,0,0,0,0,0,0,7,3,0,0,0,0,0,6,1,0,6,0,0,1,0,0,0,0,0,0,0,0,0,0,20,0,0,0,0,3,0,0,1,0,0,0,0,0,0,0,0,0,0,0,0,0,0,0,0,0,0,0,0,0,0,0,0,0,0,0,0,0,0,0,0,0,0,0,0,0,2,0,0,0,0,0,0,0,0,0,5,0,0,0,2,0,0,0,0,1,0,1,0,0,1,0,0,0,0,0,0,1,1,0,0,0,0,0,0,0,3,0,NA
OP6,7,0,0,0,0,3,0,0,0,3,0,1,0,0,0,0,0,0,0,0,0,0,0,0,0,0,0,0,0,0,0,0,0,3,0,0,0,0,0,0,1,0,0,0,0,0,0,0,0,0,1,0,1,1,0,0,0,0,0,1,0,0,0,0,0,0,1,0,0,0,0,0,0,0,0,0,0,0,0,1,0,2,0,0,1,1,1,0,0,0,0,0,1,1,0,1,0,0,0,0,0,0,0,0,0,2,0,0,0,0,0,0,0,1,0,0,0,1,0,0,0,0,0,0,0,1,0,0,0,0,0,0,0,0,0,0,0,0,0,0,0,0,0,0,0,0,0,0,0,0,1,1,0,1,0,5,0,0,2,0,0,1,0,0,0,0,0,0,0,0,0,0,1,0,0,0,0,0,0,0,0,0,0,1,0,0,1,0,0,0,0,4,0,0,0,0,19,14,0,0,0,0,0,0,0,0,0,0,0,0,0,0,68,0,0,0,0,0,0,0,0,0,0,0,0,0,0,0,0,0,0,0,0,0,0,0,13,6,4,1,2,1,0,1,0,2,0,16,3,0,0,2,0,0,0,5,0,0,0,0,0,9,0,0,0,0,3,0,0,1,0,0,0,0,7,0,0,0,0,0,0,0,0,0,0,0,0,0,0,0,0,0,0,0,0,0,0,0,1,0,0,0,0,0,0,0,0,0,1,2,0,0,0,0,0,0,0,6,5,1,0,3,0,0,0,0,0,0,0,0,0,1,0,0,0,0,0,0,3,0,1,0,0,0,0,0,0,1,0,NA
OP7,12,0,0,0,1,2,0,0,0,0,0,1,0,0,0,0,0,0,0,0,0,0,0,0,0,0,0,0,0,0,0,0,0,2,0,0,0,0,0,0,0,0,0,0,0,0,0,0,0,0,0,0,0,3,0,0,0,1,0,0,0,0,0,0,0,0,0,0,0,0,1,1,0,0,0,0,0,0,0,0,0,0,1,0,0,2,0,1,0,0,0,0,0,2,0,5,2,0,0,0,0,0,0,0,0,0,1,0,0,0,0,0,0,1,0,2,0,0,0,0,0,0,0,0,0,2,0,0,0,0,0,0,0,0,0,0,0,0,0,1,0,0,0,0,0,0,0,0,1,0,0,0,0,0,0,1,0,0,0,0,0,1,0,0,0,0,1,0,2,0,0,0,0,0,0,0,1,0,0,0,1,0,0,0,0,0,0,0,0,0,2,6,0,0,0,0,24,20,0,0,0,0,0,2,0,0,0,0,0,0,0,0,54,0,0,0,1,0,0,0,0,0,0,0,0,0,0,0,0,0,1,0,0,0,0,0,2,9,9,0,7,0,0,0,0,0,2,21,4,1,0,0,0,0,0,0,0,0,0,0,0,14,0,0,0,0,1,0,0,0,0,0,0,0,5,0,0,0,0,0,0,0,0,1,0,0,0,0,0,0,0,0,0,0,0,0,1,0,0,0,0,0,0,0,0,0,0,1,0,0,0,0,0,0,0,0,0,11,3,0,0,2,0,0,1,0,0,0,0,0,0,0,1,1,0,2,0,0,1,5,0,0,0,0,0,4,0,1,0,NA
OP8,11,0,0,0,0,3,0,0,0,0,0,1,0,0,3,0,0,0,0,0,0,0,0,0,0,0,0,0,0,0,0,0,0,0,0,0,0,0,0,0,0,0,0,0,0,0,0,0,0,0,0,0,4,1,0,0,0,3,0,0,0,0,0,0,0,0,0,0,0,0,0,0,0,0,1,2,0,2,0,1,0,0,2,0,2,0,0,2,0,0,2,0,1,5,1,0,0,0,0,0,0,2,0,0,0,2,0,0,0,0,0,1,0,0,0,0,0,0,0,0,0,0,0,0,0,0,0,0,0,0,0,0,0,0,0,0,0,0,0,0,0,0,0,0,0,0,0,0,0,0,0,0,0,0,0,1,0,0,0,0,0,0,0,1,0,1,1,0,0,1,0,0,0,0,0,0,0,0,0,0,0,0,0,0,0,0,0,0,0,0,0,6,0,0,0,0,28,33,1,0,0,0,0,8,0,0,0,0,0,0,0,1,58,0,0,0,0,0,0,0,0,0,0,0,0,0,0,0,0,0,0,0,0,0,0,0,0,14,9,0,9,2,0,0,0,6,0,49,16,0,2,0,0,0,0,2,0,0,0,0,0,26,0,0,0,0,20,0,0,0,0,0,0,0,0,1,0,0,0,0,0,0,0,0,0,0,0,0,0,0,0,0,0,0,0,0,0,0,0,0,0,0,0,0,0,0,0,1,0,3,0,0,0,0,0,0,0,7,2,1,0,1,0,0,0,0,0,0,0,0,0,0,0,0,0,0,0,0,0,2,1,0,0,0,0,0,0,0,0,NA
OP9,5,0,1,0,0,1,0,0,0,0,0,0,0,1,0,0,0,0,0,0,0,0,0,0,0,0,0,2,0,0,0,0,0,1,0,0,0,0,0,0,1,5,0,0,1,0,0,0,0,0,0,0,3,1,0,0,0,2,0,0,0,0,0,0,0,0,1,0,0,0,0,2,0,0,0,3,0,0,0,0,0,1,1,2,0,2,0,0,0,0,0,0,2,1,0,0,0,0,0,0,0,0,0,0,0,1,2,0,0,0,0,0,0,0,0,0,0,0,0,0,1,2,0,0,0,1,0,0,0,0,0,0,0,0,0,0,0,0,0,1,0,0,0,1,0,0,0,0,0,0,0,3,0,0,1,2,0,0,0,0,0,1,1,0,0,0,0,0,1,0,0,0,0,0,0,0,0,1,0,0,0,0,0,0,0,0,0,3,0,0,0,0,0,0,0,0,36,21,1,0,0,0,0,0,0,0,0,0,0,0,0,0,53,0,0,0,0,0,0,2,0,0,0,0,0,0,0,0,1,0,0,0,0,0,0,0,0,14,7,2,23,0,0,0,0,4,2,0,4,2,0,0,0,0,0,0,7,0,0,0,0,10,0,0,0,1,9,0,0,0,0,0,0,0,12,3,0,0,0,0,0,0,0,0,0,0,0,0,0,0,0,0,0,0,0,0,0,0,0,0,0,0,0,0,0,0,0,1,0,1,0,0,0,0,0,0,0,4,3,2,0,2,0,0,1,0,0,0,0,0,0,3,0,2,1,0,0,0,8,4,0,0,0,0,0,0,0,0,0,NA
OP10,4,0,1,0,0,3,0,0,0,1,0,0,0,0,3,0,0,0,0,0,0,0,0,0,0,0,0,0,0,0,0,0,0,0,0,0,0,0,0,0,0,0,0,0,2,0,4,0,0,0,0,1,22,0,0,0,0,0,14,2,0,0,0,0,0,1,0,0,0,0,0,0,0,0,0,0,0,0,0,0,0,0,1,0,3,0,0,0,0,0,1,0,2,4,0,0,0,0,0,1,0,0,0,0,0,2,0,0,0,0,0,0,0,0,1,0,0,0,0,1,1,1,1,0,0,1,0,0,0,0,0,0,0,0,0,1,0,0,0,0,0,0,0,0,0,0,0,0,0,0,0,38,0,0,1,0,0,0,0,0,0,1,0,0,0,0,0,0,0,0,0,0,0,0,0,0,0,1,0,0,0,0,0,0,0,0,0,0,0,0,0,8,0,0,0,1,27,13,0,0,0,0,0,1,0,0,0,0,0,0,0,0,40,0,0,0,0,0,0,4,1,0,0,0,0,0,0,0,0,0,0,0,0,0,0,0,0,20,3,2,5,2,0,0,0,2,2,22,6,2,0,0,0,0,1,0,1,0,0,0,0,10,0,0,0,0,0,0,0,0,1,0,0,0,5,4,0,0,0,0,0,0,0,0,0,0,2,1,0,0,0,0,0,0,0,0,0,0,0,0,0,0,0,0,0,0,0,0,0,3,1,0,0,0,0,0,1,4,6,0,0,1,0,0,2,0,0,0,0,0,0,2,0,0,0,0,0,0,4,0,0,0,0,0,0,0,0,1,0,NA
OP11,10,0,1,0,0,3,0,0,0,0,0,1,0,0,0,0,0,0,0,0,0,0,0,0,0,0,0,0,0,0,0,0,1,0,0,0,0,0,0,0,4,0,0,2,2,0,0,0,2,0,0,0,8,0,0,0,0,1,4,1,0,0,0,0,0,0,1,0,0,0,0,0,0,0,0,1,0,1,0,0,0,0,0,0,0,0,0,0,0,0,1,0,1,0,0,1,1,0,0,0,0,0,0,0,0,0,1,0,2,0,0,0,0,2,1,0,0,0,0,2,1,0,0,0,0,1,0,0,0,0,0,0,0,0,0,0,0,0,1,1,0,0,1,0,0,0,0,0,0,0,0,3,0,0,0,4,0,0,1,0,0,13,0,1,0,0,0,1,0,0,0,0,2,0,0,0,0,0,1,2,0,0,0,0,0,0,0,0,0,1,0,3,0,0,0,0,12,14,0,0,0,0,0,3,0,0,0,0,0,0,0,0,70,0,0,0,0,0,0,1,0,0,0,0,0,0,0,0,0,0,0,0,0,0,0,0,0,7,6,0,2,0,3,1,0,1,2,14,4,4,0,3,0,0,0,0,0,0,0,0,0,10,0,0,0,0,3,0,0,0,0,0,0,0,1,1,0,0,0,0,0,0,0,0,0,0,0,0,0,0,0,0,0,0,0,0,0,0,0,0,0,0,0,0,0,3,0,2,1,0,0,0,0,0,0,0,0,5,0,0,0,2,0,0,2,0,0,0,0,0,0,0,0,1,0,0,0,0,2,2,6,0,0,0,0,0,0,4,0,NA
OP12,6,0,0,0,0,0,0,0,0,0,0,0,0,0,0,0,0,0,0,0,0,0,0,0,0,0,0,0,0,0,1,0,0,1,0,0,0,1,0,0,2,3,0,0,0,0,0,0,0,0,0,0,0,0,0,0,0,0,1,0,0,0,0,0,0,0,0,0,0,0,0,0,0,0,0,0,0,3,0,0,0,0,3,0,3,2,0,3,0,0,1,0,0,1,0,11,0,0,0,0,0,0,0,0,0,1,0,0,0,0,0,0,0,0,0,0,0,0,0,0,0,0,0,0,0,1,0,1,0,0,0,0,0,0,0,0,0,0,1,0,0,0,2,0,0,0,0,0,1,0,0,1,0,0,1,5,0,0,0,0,0,0,0,0,0,0,1,0,0,0,0,1,0,0,0,0,0,0,0,1,0,0,0,0,0,0,0,0,0,1,0,5,0,0,0,0,10,10,0,0,0,0,0,1,0,0,0,1,0,0,0,0,56,0,0,0,0,0,0,0,0,1,2,0,0,0,0,0,0,0,0,0,0,0,0,0,3,27,5,0,8,1,0,1,0,0,0,18,5,2,1,1,0,0,0,0,3,0,0,0,0,6,0,0,0,0,1,0,0,0,0,0,0,0,2,1,0,0,0,0,0,0,0,0,0,1,0,0,0,0,0,0,0,0,0,0,0,0,0,0,0,1,0,5,0,0,0,0,0,2,0,0,0,0,0,0,0,0,5,1,0,4,1,0,0,0,1,0,2,0,0,0,0,0,1,0,0,3,1,0,0,0,0,0,0,0,0,4,0,NA
OP13,10,0,0,0,0,1,0,0,0,1,0,0,0,0,2,0,0,0,0,0,0,0,0,0,0,0,0,0,0,0,0,0,0,0,0,0,0,0,0,0,7,1,3,0,0,0,0,0,0,0,0,0,4,5,0,0,0,1,0,0,0,0,0,0,0,1,0,0,0,0,0,1,0,0,0,3,0,4,0,0,0,3,1,1,0,0,0,1,0,0,2,0,1,3,0,3,0,0,0,0,1,0,0,0,0,6,1,0,1,0,0,0,1,0,0,0,0,0,0,0,0,0,0,0,0,0,0,0,0,0,0,0,0,0,0,0,0,0,0,1,0,0,0,0,0,0,0,0,0,0,2,1,0,0,0,6,0,1,0,0,0,4,0,0,0,0,0,0,0,1,0,0,1,0,0,0,1,0,0,0,0,0,0,0,0,0,0,0,0,0,0,6,0,0,0,0,16,16,0,0,0,0,0,2,0,0,0,1,0,0,0,0,54,0,0,0,1,0,0,4,0,0,1,0,0,0,0,0,0,0,1,0,0,0,0,0,0,18,7,1,10,0,0,0,0,0,0,44,6,1,0,0,0,0,0,1,2,0,2,0,0,5,1,0,0,0,1,0,0,0,0,0,0,0,0,5,0,0,0,0,0,0,0,0,0,2,0,0,0,0,0,0,0,0,0,0,0,0,0,0,0,0,0,1,0,0,0,0,0,0,0,0,0,0,0,0,0,6,1,1,0,1,0,0,1,0,0,0,0,0,0,2,0,0,1,0,0,0,6,2,0,0,0,0,0,0,0,3,0,NA
OP14,5,0,0,0,0,2,0,0,0,0,0,0,0,0,0,0,0,0,0,0,0,0,0,0,0,0,0,1,0,0,0,0,0,0,0,0,2,0,0,0,3,0,3,3,2,0,0,0,0,0,0,0,8,1,0,0,0,1,0,0,0,0,0,0,0,0,1,0,0,0,0,3,0,0,0,1,0,1,0,0,0,3,0,0,0,0,0,0,0,0,2,0,1,3,2,6,0,0,0,0,0,0,0,0,0,2,0,1,0,0,0,0,0,1,0,0,0,0,0,1,0,0,0,0,0,0,0,0,0,0,0,0,0,0,0,0,0,0,0,0,0,0,0,0,0,0,0,0,0,0,0,0,0,0,0,8,0,0,2,0,0,2,0,1,0,0,0,0,0,0,0,0,0,0,0,0,0,2,0,0,0,0,0,0,0,0,0,0,0,0,0,5,0,0,0,0,8,21,0,0,0,1,0,0,0,0,0,0,0,0,0,0,47,0,0,0,0,0,0,2,0,0,1,0,0,0,0,0,0,0,0,0,0,0,0,0,0,23,2,2,16,0,0,0,0,0,0,15,8,1,0,0,0,0,1,1,3,0,0,0,0,9,0,0,0,1,2,0,0,0,0,0,0,0,11,10,0,0,0,0,0,0,0,0,0,0,2,0,0,0,0,0,0,0,0,0,1,0,0,0,0,0,0,2,0,0,0,0,0,0,0,0,0,0,0,0,0,0,6,0,0,2,0,0,0,0,0,0,0,0,0,1,0,1,0,0,0,0,0,0,0,0,0,0,0,0,0,4,0,NA
OP15,8,0,0,0,0,1,0,0,0,0,0,0,0,0,0,0,0,0,0,0,0,0,0,0,0,0,0,0,0,0,0,0,0,0,0,0,0,0,0,0,0,5,1,0,0,0,0,0,0,0,0,0,0,0,0,0,0,1,0,0,0,0,0,0,0,0,0,0,0,0,0,0,0,0,0,0,0,0,0,0,0,0,0,0,0,1,0,0,0,0,0,0,0,0,1,2,1,0,0,0,0,0,0,0,0,0,0,0,0,0,0,0,0,0,0,0,0,0,0,0,0,0,0,0,0,2,0,0,0,0,0,0,0,0,0,0,0,0,0,0,0,0,0,0,0,0,0,0,0,0,2,1,0,0,0,2,0,0,0,0,0,0,0,0,0,1,1,0,0,0,0,0,0,0,0,0,0,0,0,0,0,0,0,0,0,0,0,0,0,0,0,4,0,0,0,0,5,5,0,0,0,1,0,2,0,0,0,1,0,0,0,0,39,0,0,0,2,0,0,0,1,0,0,0,0,0,0,0,0,0,0,0,0,0,0,0,7,6,7,0,5,0,0,0,0,1,0,11,0,0,2,0,0,0,1,0,0,0,0,0,0,2,0,0,0,0,0,0,0,1,0,0,0,0,0,1,0,0,0,0,0,1,0,0,0,0,0,0,0,0,0,0,0,0,0,0,0,0,0,0,0,0,0,0,0,0,0,0,0,0,0,0,0,0,0,0,0,5,0,0,0,3,0,0,0,0,0,0,0,0,0,0,0,0,2,0,0,1,6,1,0,0,0,0,0,0,0,0,0,NA
RP1,14,0,0,0,0,3,0,1,5,0,1,17,0,0,0,0,0,0,0,0,0,0,0,0,0,0,0,0,0,0,0,0,0,19,0,0,2,0,0,1,0,0,0,3,5,1,0,3,1,1,1,0,0,5,0,1,0,1,1,6,0,0,2,0,0,0,0,0,2,0,0,0,0,0,0,1,0,3,0,0,0,0,1,1,1,1,1,0,0,0,0,1,4,0,0,0,7,0,2,0,0,0,0,0,0,2,0,0,1,0,0,1,1,0,0,0,0,3,0,0,0,0,0,0,0,2,0,0,0,0,0,0,0,1,1,0,0,0,0,2,1,0,0,0,0,1,0,0,0,0,0,0,0,1,0,4,0,0,0,0,0,1,0,0,0,0,1,0,0,3,0,0,0,0,0,0,0,0,0,0,0,0,0,7,0,0,0,0,0,0,1,0,0,2,2,0,16,24,0,0,0,0,0,13,0,0,0,1,1,0,0,0,28,0,0,0,0,2,0,6,2,2,0,0,0,0,0,0,1,0,0,0,0,0,0,0,0,3,0,2,0,25,0,0,0,0,0,0,1,1,1,0,0,0,1,10,0,0,0,0,0,2,0,0,0,0,23,0,0,1,0,0,0,0,0,0,1,0,0,0,0,0,0,1,0,0,3,0,0,0,0,0,0,0,0,0,0,0,0,0,0,0,0,3,0,3,0,2,0,0,0,0,0,0,0,0,0,9,8,2,0,4,0,0,0,0,0,0,2,0,0,1,0,0,0,1,0,0,0,0,0,0,0,0,0,1,0,1,0,NA
RP2,11,0,0,0,0,6,0,0,0,4,0,7,1,0,0,0,0,0,1,0,0,0,0,0,0,0,0,0,0,0,0,1,0,7,0,1,1,0,0,1,1,0,0,7,0,0,0,0,0,0,0,3,0,4,1,0,0,1,0,3,0,0,0,0,0,0,0,0,0,0,0,0,0,0,1,0,0,0,0,0,0,0,0,0,0,0,0,2,0,0,0,1,1,1,0,5,2,0,4,0,0,0,0,0,1,2,1,0,1,0,0,0,1,1,0,0,0,0,0,0,0,0,0,0,0,0,0,0,0,0,0,0,0,1,0,0,0,0,0,1,0,0,0,0,0,0,0,0,0,0,0,4,0,0,0,7,0,0,1,0,0,1,0,0,0,1,0,0,0,0,0,0,0,0,0,0,1,1,0,0,0,0,0,1,0,2,0,0,1,0,0,3,1,8,0,0,6,6,0,0,0,0,0,12,0,0,0,0,0,3,0,0,2,0,0,0,0,0,0,6,0,2,0,0,0,2,0,0,0,3,0,0,0,0,0,0,0,2,2,5,14,0,0,4,2,0,0,0,3,0,0,0,0,0,2,2,0,0,0,0,0,1,0,0,0,1,5,0,0,0,0,0,0,0,1,0,0,0,0,0,0,0,0,0,0,0,0,0,0,0,0,0,0,0,0,0,0,0,0,0,0,0,16,1,0,1,0,1,2,1,1,0,0,0,0,0,0,1,0,0,0,5,0,0,0,0,0,0,0,0,1,4,0,1,4,0,0,0,1,0,0,0,0,1,0,2,0,4,0,NA
RP3,8,0,0,0,0,0,0,1,1,0,0,1,0,0,0,0,0,0,0,0,0,0,0,0,0,0,0,0,0,1,1,1,0,1,0,0,1,0,0,1,0,0,0,2,1,0,0,0,3,0,0,3,0,3,0,0,0,0,0,6,0,0,4,0,0,0,0,0,0,0,0,0,0,0,0,0,0,3,1,0,0,1,1,0,12,0,0,0,0,0,0,0,0,0,0,0,3,0,0,0,0,0,0,0,1,0,0,0,1,0,0,0,0,0,0,0,0,1,1,0,0,1,0,0,0,0,0,0,0,0,0,0,0,0,0,0,0,0,0,0,1,0,0,0,0,0,0,0,0,0,1,0,0,0,0,4,0,0,0,0,0,2,0,1,0,0,0,0,0,0,0,0,0,0,0,0,0,0,0,0,0,1,0,2,0,0,0,0,0,0,0,3,0,1,0,0,12,23,0,1,0,0,0,0,0,0,0,0,0,0,0,0,5,0,0,0,0,0,0,0,0,0,0,0,0,0,0,0,0,0,0,0,0,0,0,0,0,0,1,0,0,0,0,2,0,0,0,0,0,0,0,0,0,0,0,1,0,0,2,0,0,1,0,0,0,1,22,0,1,0,0,0,0,1,5,0,0,0,0,0,0,5,0,1,1,1,0,0,0,0,0,0,0,0,0,0,0,0,0,0,0,1,0,2,0,1,0,1,0,0,4,1,0,0,0,0,0,3,1,0,1,5,0,0,0,0,0,0,0,1,0,4,0,1,0,0,0,0,0,0,1,0,0,0,0,0,0,5,0,NA
RP4,0,0,0,0,0,5,1,0,1,7,0,0,0,0,0,0,0,0,0,0,0,0,0,0,0,0,0,0,0,0,6,1,0,5,0,0,0,0,0,1,0,0,0,3,6,2,0,0,0,0,0,1,0,3,0,0,1,0,0,14,11,0,3,0,0,0,0,0,0,0,0,0,0,0,0,0,1,3,0,0,0,4,1,0,1,0,0,1,0,0,0,0,0,0,0,2,18,0,4,0,0,0,0,0,0,2,0,0,0,0,0,0,3,0,0,0,0,0,0,0,0,0,0,0,0,5,0,3,1,0,2,0,0,1,1,1,0,0,0,0,1,1,0,0,0,0,0,0,0,0,2,0,0,0,2,0,0,0,1,0,0,0,0,0,0,1,1,0,0,2,0,0,0,0,0,0,0,0,0,0,0,10,0,2,0,0,1,0,0,0,1,2,0,0,0,0,13,21,0,1,0,0,0,4,0,0,0,0,0,0,0,0,11,0,0,0,0,0,0,5,0,2,0,1,0,0,0,0,0,0,0,0,0,0,0,0,0,9,13,0,53,0,0,0,0,0,0,0,4,0,0,0,0,0,0,4,0,0,1,0,0,0,0,0,0,0,14,0,0,0,0,0,0,0,4,0,0,0,0,1,0,0,0,0,0,6,0,0,0,0,0,0,0,0,0,0,0,0,0,0,0,0,2,1,0,2,0,0,0,0,7,9,1,0,0,0,1,0,3,1,0,7,0,0,2,2,0,0,3,0,0,0,0,1,9,0,0,0,1,0,3,0,0,0,0,0,0,3,0,NA
RP5,2,0,0,0,0,7,0,0,3,40,0,8,2,0,0,0,0,0,0,0,0,0,0,0,0,0,0,0,0,0,6,0,2,2,0,0,1,0,0,5,0,0,0,2,2,4,0,2,0,0,0,0,0,2,0,0,0,1,0,12,0,0,2,0,2,0,0,0,0,1,0,1,0,0,0,0,0,2,0,0,0,0,0,0,2,1,0,0,0,0,1,0,0,0,0,0,3,0,1,0,0,0,0,0,0,0,0,0,3,0,0,0,0,0,1,0,0,6,0,1,0,0,0,0,0,0,0,1,0,0,0,1,0,1,1,1,0,0,0,1,3,0,0,0,0,0,0,0,1,0,3,0,0,0,0,0,0,0,0,0,0,3,0,0,0,0,0,0,1,0,0,0,1,0,0,0,0,0,0,0,0,6,0,4,0,0,0,0,0,0,1,7,0,1,0,0,15,13,0,3,0,0,0,5,0,0,0,0,0,0,1,0,29,0,0,0,0,0,0,6,1,0,0,0,0,0,0,0,0,0,0,0,0,0,0,0,0,9,11,0,41,0,0,0,0,1,0,1,0,0,0,2,0,0,1,1,0,0,0,0,0,2,0,0,5,0,22,0,0,0,1,0,0,0,4,0,0,0,0,0,0,0,0,0,0,10,1,0,0,0,0,0,0,0,0,0,0,0,0,0,0,0,0,1,0,6,0,0,0,3,2,5,1,0,0,0,0,1,1,1,0,7,2,0,0,1,0,0,2,0,0,1,0,1,10,0,0,0,1,0,1,0,0,0,1,0,0,4,0,NA
RP6,4,0,0,0,0,0,0,0,1,1,2,4,0,0,0,0,0,0,0,0,0,0,0,0,0,0,0,0,0,0,2,0,0,4,0,0,0,0,0,1,0,0,0,0,0,0,0,0,1,0,1,0,0,2,0,0,0,0,0,4,0,1,0,0,0,0,0,0,0,1,0,1,0,0,0,0,0,1,0,1,0,0,0,0,1,2,0,1,0,0,0,2,1,1,0,2,8,0,4,0,0,0,0,0,0,0,0,0,1,0,0,0,3,0,0,0,0,0,0,1,0,4,0,0,0,0,0,0,0,0,1,0,0,0,0,0,0,0,0,0,2,0,1,0,0,1,0,0,0,0,2,1,0,0,2,1,0,0,0,0,1,4,0,0,0,0,3,0,0,0,0,0,0,0,0,0,0,1,0,0,0,0,0,0,0,0,0,0,1,1,4,5,0,2,0,0,16,32,1,1,0,0,0,5,0,0,0,0,0,0,0,0,3,0,0,0,0,0,0,4,0,0,0,0,1,0,1,0,0,0,0,0,0,0,0,0,0,2,1,0,51,0,0,2,0,5,0,0,1,0,0,2,0,0,0,3,0,0,3,0,0,1,0,0,0,0,11,0,0,0,0,0,0,0,2,0,1,0,0,0,0,0,1,0,0,1,0,1,0,0,0,0,0,0,0,0,0,0,0,0,1,0,0,3,0,7,1,0,0,0,14,5,0,1,0,0,1,3,0,1,0,7,0,0,0,2,0,0,1,0,3,0,0,1,1,0,0,0,0,0,2,0,0,0,0,2,0,2,0,NA
RP7,2,0,0,0,0,20,0,0,0,3,0,1,0,0,0,0,0,0,0,0,0,0,0,0,0,0,0,0,0,0,1,3,1,3,1,0,0,0,0,2,0,0,0,0,4,1,0,0,1,0,0,0,0,2,0,0,1,3,0,3,0,0,1,0,0,0,0,0,0,0,0,0,0,0,0,0,0,0,0,0,0,0,2,0,0,0,0,0,0,0,1,2,4,0,0,0,2,0,0,0,0,0,0,0,0,0,0,0,1,0,0,0,0,0,0,0,0,5,1,3,0,2,0,0,0,5,1,0,0,0,2,0,0,0,0,0,0,0,0,1,0,0,0,0,0,0,0,0,0,0,2,0,0,0,0,2,0,0,0,0,0,1,0,3,0,0,1,0,2,2,0,1,1,0,0,0,1,0,0,0,0,17,0,1,0,0,0,2,0,0,1,12,0,1,0,0,18,11,0,2,0,0,0,0,0,0,0,0,0,0,0,0,36,0,1,0,0,0,0,2,1,6,0,0,0,0,0,0,0,0,3,0,0,0,0,0,0,4,3,0,7,0,0,0,0,1,1,0,0,0,1,2,0,0,0,2,0,0,0,0,0,0,0,0,0,0,15,0,1,0,0,0,0,0,0,0,0,0,0,0,1,1,0,1,0,3,1,1,0,0,0,0,1,0,0,0,0,0,0,0,0,0,0,1,0,0,0,0,0,0,9,3,0,0,0,0,0,0,1,0,0,1,0,0,4,3,0,0,0,0,0,6,0,0,0,0,0,1,0,0,0,0,0,0,1,0,0,1,0,NA
RP8,1,0,0,0,0,7,0,4,4,8,6,1,0,0,0,0,0,0,0,0,0,0,0,0,0,0,0,0,0,0,2,0,3,11,0,0,0,1,0,1,0,0,0,1,5,8,0,0,0,0,0,0,0,7,0,0,5,2,0,9,0,0,0,0,0,0,0,0,0,0,0,0,0,0,0,0,0,3,2,0,0,3,0,0,1,0,1,1,0,0,1,0,0,2,0,1,14,0,0,0,0,0,0,0,0,1,0,0,0,0,0,0,1,0,0,0,0,0,1,0,0,3,0,0,0,0,0,1,0,0,0,0,0,0,0,0,0,0,0,0,1,0,0,0,0,0,0,0,0,0,1,4,0,1,5,2,0,5,3,0,0,1,0,0,0,0,0,0,1,1,0,0,0,0,0,1,0,1,0,1,0,10,0,1,0,0,0,0,0,0,2,5,0,2,0,0,7,7,0,0,0,0,0,5,0,0,0,0,0,0,0,0,10,0,0,0,0,1,0,5,0,5,0,0,0,0,0,0,0,0,1,0,0,0,0,0,0,1,2,0,17,0,0,0,0,0,1,0,3,0,0,1,0,0,1,4,3,1,1,0,0,0,2,0,5,0,10,0,0,0,0,0,0,0,5,0,0,0,0,0,0,0,1,0,1,4,0,1,0,0,0,0,0,0,0,0,0,0,0,0,0,0,6,1,0,1,0,1,3,0,0,0,0,0,0,0,0,0,0,0,0,2,0,0,0,1,0,0,0,0,0,3,0,1,1,0,0,5,0,0,0,0,0,0,1,0,0,2,0,NA
RP9,1,0,0,0,0,6,0,0,0,0,1,6,0,0,0,0,0,0,0,0,0,0,0,0,0,0,0,0,0,0,1,0,2,5,0,0,0,0,0,0,0,0,0,4,6,0,0,0,2,0,0,0,0,2,0,0,5,0,0,3,0,0,2,0,0,0,0,0,0,0,0,0,0,0,1,0,0,1,1,0,0,0,2,0,1,1,0,1,0,0,3,1,2,0,4,5,2,1,1,0,0,0,0,0,0,0,0,0,0,0,0,0,0,1,0,0,0,1,0,2,0,4,0,0,0,11,0,0,0,0,0,0,0,0,0,0,0,0,0,0,1,0,1,0,0,0,0,0,0,0,2,0,0,1,4,6,0,0,0,0,0,0,0,0,0,0,0,0,1,1,0,0,0,0,0,0,0,1,0,0,0,0,0,1,0,0,0,1,0,0,2,3,0,4,0,0,7,19,0,2,0,0,0,3,0,0,0,0,0,0,0,0,7,0,0,0,0,0,0,1,0,0,0,0,0,0,0,0,0,0,1,0,0,0,0,0,0,3,3,0,16,0,1,4,0,0,1,2,0,1,0,2,0,0,0,0,0,0,0,0,0,0,0,0,0,0,11,11,0,0,0,0,0,0,12,0,0,0,0,0,0,0,0,0,0,2,1,0,0,0,0,0,0,0,0,1,0,0,0,0,0,1,2,3,0,0,0,1,4,2,2,2,0,0,0,0,2,0,0,1,0,3,0,0,0,1,0,0,0,0,1,2,0,0,0,0,0,2,0,0,1,0,0,0,0,0,0,3,0,NA
RP10,0,0,0,0,0,2,0,0,1,34,0,6,0,0,0,0,0,0,0,0,0,0,0,0,0,0,0,0,0,0,0,2,4,9,1,0,0,0,0,0,0,0,0,0,1,1,1,0,0,0,0,0,0,0,0,0,1,0,0,4,0,0,6,0,1,0,1,2,0,0,0,0,0,0,0,0,0,5,0,0,0,1,6,0,6,3,2,0,0,0,0,1,0,0,0,3,2,0,3,2,0,0,0,0,0,0,1,0,1,0,0,0,2,0,1,1,0,2,0,4,1,1,0,0,0,1,0,2,0,0,0,0,2,0,2,0,0,0,1,1,1,0,1,0,0,2,0,0,0,0,4,4,0,0,0,6,0,0,1,0,0,0,0,0,0,0,0,0,0,1,0,0,0,0,0,0,0,0,0,0,0,0,0,0,0,1,0,0,6,4,3,2,0,2,0,1,11,22,2,0,0,0,0,3,0,0,0,0,0,0,0,0,4,0,0,1,7,0,1,4,0,3,0,2,0,0,1,0,0,0,0,0,0,0,0,0,0,1,4,0,40,0,0,3,0,0,2,0,0,0,0,5,0,0,1,3,0,2,3,0,0,0,1,0,0,0,34,0,0,0,0,0,0,0,5,0,0,0,2,0,0,2,0,1,0,1,0,0,0,0,0,0,0,0,0,0,0,0,0,1,0,1,18,3,0,1,0,0,3,5,6,0,0,0,0,0,0,9,1,0,0,9,0,0,1,0,0,0,0,0,2,3,0,1,1,0,0,3,6,0,7,0,0,0,1,9,0,13,0,NA
RP11,0,0,0,0,0,17,0,0,0,8,0,1,0,0,0,0,0,0,0,0,0,0,0,0,0,0,0,0,0,0,1,1,2,2,0,0,0,0,0,0,0,0,0,5,12,1,0,0,0,0,0,0,0,7,0,0,0,10,0,5,0,0,0,1,0,0,0,0,0,0,0,0,0,0,1,0,0,1,0,0,0,2,0,0,1,4,2,0,0,0,1,1,0,0,15,17,4,0,0,0,0,0,0,0,0,0,0,1,2,0,0,0,0,0,0,2,0,1,0,1,0,0,0,0,0,1,1,0,0,0,0,0,0,0,0,0,0,0,0,2,0,0,1,0,0,1,0,0,0,0,1,3,0,0,0,3,0,0,1,0,0,0,0,0,0,2,1,0,2,0,0,0,1,0,0,0,0,0,0,0,0,0,0,1,0,0,0,0,0,0,0,4,0,0,0,0,31,21,0,0,0,0,1,2,0,0,0,0,0,0,0,0,40,0,0,0,0,0,0,6,0,2,0,0,0,0,0,0,0,0,4,0,0,0,0,0,0,7,0,1,11,0,0,0,0,1,0,0,1,0,4,0,0,0,0,0,0,0,0,0,0,2,0,0,0,0,19,0,0,0,0,0,0,0,0,0,0,0,0,0,0,6,0,0,0,0,2,1,0,0,0,0,0,0,0,0,0,0,0,0,0,0,6,0,0,5,0,0,2,4,5,0,0,0,0,0,0,2,0,4,0,8,0,0,0,0,0,0,0,0,0,2,0,1,0,0,0,1,0,0,2,0,0,0,0,0,0,5,0,NA
RP12,2,0,3,0,1,5,0,0,0,2,0,4,0,0,0,0,0,0,0,0,0,0,0,0,0,0,0,0,0,0,1,0,1,0,0,0,0,0,0,2,0,0,0,0,5,0,0,0,2,0,0,0,0,3,0,0,0,1,0,1,0,0,2,0,1,0,0,0,0,0,0,0,0,0,1,1,0,6,4,0,0,0,1,0,1,4,0,0,0,0,0,0,0,0,12,17,3,0,1,0,0,1,0,1,0,5,0,0,0,0,1,0,0,0,0,0,0,0,0,1,0,1,2,1,0,0,0,1,0,0,0,0,0,0,1,1,0,0,1,1,1,0,0,0,0,0,0,2,0,0,1,5,0,0,2,1,0,0,3,0,0,0,0,0,0,0,0,0,0,0,0,0,4,0,0,0,1,0,0,1,0,1,0,0,0,0,0,0,0,0,0,0,0,0,0,0,35,10,0,1,0,0,1,2,0,0,0,1,0,1,0,0,65,0,0,0,0,1,0,2,0,0,0,0,0,0,0,0,0,0,0,0,0,0,0,0,2,3,1,0,12,0,0,0,0,0,0,5,0,0,5,0,0,0,1,2,0,0,0,0,0,4,1,0,0,0,11,0,0,0,0,0,0,0,0,1,1,0,0,0,0,2,0,2,0,0,1,1,0,0,0,0,0,6,0,0,0,0,0,0,0,0,6,0,0,6,0,0,0,1,0,0,2,0,0,0,0,2,0,0,0,11,0,0,2,1,0,0,0,0,0,2,0,0,0,0,0,0,0,0,7,0,1,0,0,0,0,1,0,NA
RP13,0,0,0,0,0,1,0,0,0,2,0,0,0,0,0,0,0,0,0,0,0,0,0,0,0,0,0,0,0,0,1,0,0,1,0,0,0,0,0,1,0,0,0,2,16,0,0,0,1,0,0,0,0,16,0,0,0,1,0,4,0,0,2,0,0,0,0,0,0,0,0,0,0,0,0,0,0,0,1,0,0,0,2,0,0,2,0,0,0,0,0,2,0,0,22,44,4,0,0,0,0,0,0,0,0,1,1,0,1,0,0,0,0,2,0,1,0,1,0,1,0,0,1,0,0,0,0,0,0,0,0,2,0,0,0,0,0,0,0,0,0,0,0,0,0,0,0,0,0,0,2,2,0,0,1,6,0,0,0,0,0,0,0,0,0,1,2,0,2,0,0,0,3,0,0,0,1,0,0,0,0,1,0,0,0,0,0,2,0,0,1,6,0,0,0,0,11,10,0,1,0,0,1,1,0,0,0,0,0,1,0,0,75,0,0,1,0,0,0,3,0,1,0,0,0,0,0,0,0,0,1,0,0,0,0,0,0,3,0,0,12,0,0,0,0,0,0,3,0,0,1,0,0,0,1,0,0,0,0,0,0,2,0,1,0,0,13,0,0,0,0,0,0,1,2,0,0,0,0,0,0,0,0,0,0,0,10,1,0,1,0,0,0,2,0,0,0,0,0,0,0,1,4,0,0,0,0,0,0,3,0,4,0,0,0,0,0,1,0,0,0,1,0,0,1,0,0,0,0,0,1,1,0,1,2,0,0,0,0,0,0,0,0,0,0,0,0,0,0,NA
RP14,4,0,0,0,0,4,0,0,0,74,0,1,0,0,0,0,0,0,0,0,0,0,0,0,0,0,0,0,0,0,5,1,1,1,0,0,0,1,0,0,0,0,0,4,1,2,0,0,0,0,0,0,0,1,0,0,0,0,0,1,0,0,2,0,1,0,0,0,0,0,0,0,0,0,1,0,0,2,0,0,0,1,0,1,3,3,0,0,0,0,0,0,0,1,1,11,6,0,4,0,0,0,0,0,0,1,0,0,2,0,0,0,0,1,0,0,0,3,0,2,0,0,1,0,0,2,0,0,0,0,0,2,0,0,1,0,0,0,0,0,1,0,0,0,0,0,0,0,0,0,0,2,0,0,0,2,0,0,2,0,0,0,0,2,0,0,1,0,0,0,0,1,3,0,0,0,0,0,0,0,0,3,0,1,0,0,0,0,0,0,0,4,0,2,0,0,19,12,0,2,0,0,0,6,0,0,0,0,0,7,0,0,76,0,0,0,0,0,0,3,0,0,0,0,0,0,0,0,0,0,2,0,0,0,0,0,0,3,2,0,10,0,0,0,0,1,1,2,0,0,7,0,0,0,3,4,1,0,0,0,0,3,0,1,0,0,29,0,0,0,0,0,0,0,0,1,0,0,0,0,0,0,0,1,0,2,16,0,0,0,0,0,0,1,0,0,0,0,0,0,0,0,14,0,0,3,0,0,0,0,2,0,0,0,0,0,0,0,0,4,0,1,0,0,0,0,0,0,0,0,1,1,0,2,0,0,0,0,0,0,3,0,0,0,0,0,0,3,0,NA
RP15,5,0,0,0,0,2,0,1,0,9,2,2,0,0,0,0,0,0,4,0,0,0,1,0,0,0,0,0,0,0,0,0,1,0,0,0,0,1,0,0,0,0,0,2,8,2,0,0,1,0,0,0,1,2,0,0,0,1,0,3,0,0,5,0,0,1,0,0,0,1,0,0,0,0,1,0,0,0,0,0,0,0,1,0,0,1,0,0,3,0,0,0,0,0,3,18,6,0,2,0,0,0,1,0,0,0,0,0,0,0,0,2,1,0,0,0,0,3,0,3,0,0,0,0,0,0,0,0,0,0,0,0,0,0,1,0,0,0,2,0,0,0,0,0,0,2,0,0,0,0,1,13,0,0,0,10,0,0,7,0,0,0,0,2,0,0,0,0,0,0,0,0,0,0,0,0,0,0,0,0,0,4,0,0,0,0,0,0,0,2,0,3,0,0,0,0,29,11,0,0,3,0,0,2,0,0,0,0,1,19,0,0,37,0,0,0,0,0,0,2,0,13,0,0,0,0,0,0,1,0,1,0,0,1,0,0,0,2,7,0,44,0,2,1,0,0,0,0,0,0,1,0,0,0,0,0,0,0,1,0,0,0,0,0,0,0,11,0,0,0,0,0,0,0,0,6,0,0,0,0,0,1,0,0,0,3,8,0,0,0,0,0,0,3,0,0,0,0,0,0,0,0,5,0,0,5,0,0,0,0,2,0,0,0,0,0,0,2,2,0,0,7,0,0,0,0,0,0,1,0,2,2,0,1,0,0,0,1,0,0,2,0,0,0,0,2,0,7,0,NA
TP1,0,0,2,2,0,18,0,0,0,1,0,2,0,0,0,0,0,5,1,0,0,0,0,0,0,0,0,0,0,3,3,0,0,4,2,0,0,0,0,0,0,1,0,0,0,0,0,0,0,0,0,0,0,0,0,0,0,0,0,0,0,0,0,0,0,0,0,0,0,0,0,0,0,1,0,0,0,1,0,0,0,4,4,0,1,0,0,4,0,0,0,1,0,0,0,0,0,0,0,0,0,0,0,0,0,0,0,0,0,0,0,0,2,0,8,0,0,1,0,0,0,0,0,0,1,23,0,0,0,0,0,0,0,0,0,1,0,0,2,0,0,0,1,0,0,0,0,0,0,0,1,0,0,0,5,0,0,0,0,0,0,0,0,0,0,0,0,0,3,0,0,0,0,0,0,0,0,0,0,0,0,12,0,0,0,0,0,0,0,3,0,3,0,3,0,1,6,3,0,0,0,9,0,3,0,0,0,0,0,0,0,0,4,0,0,1,0,0,0,24,0,0,0,0,0,0,0,0,0,0,0,0,0,0,0,1,0,0,2,1,0,0,0,0,0,3,0,0,3,34,4,1,2,0,28,1,0,0,8,0,0,2,0,1,0,0,26,0,1,0,0,0,0,0,46,0,0,0,0,0,0,0,0,0,0,1,0,0,0,0,0,0,0,0,0,0,0,0,0,0,0,0,0,0,0,1,0,0,1,1,0,0,0,2,0,0,0,2,4,0,0,0,0,0,6,1,0,0,0,0,0,0,0,1,0,0,0,1,2,0,1,0,0,0,0,0,0,3,0,NA
TP2,0,0,10,0,0,0,0,1,1,52,0,1,0,0,0,0,0,15,0,0,1,0,1,0,0,0,0,0,0,0,2,3,3,2,3,1,0,0,0,1,0,0,0,0,0,0,0,1,1,0,0,0,0,1,1,0,0,0,0,1,0,0,0,0,0,0,0,0,0,0,0,0,0,0,0,0,0,5,0,0,0,0,0,0,1,0,0,0,0,0,0,0,0,0,0,0,0,0,0,0,0,1,0,0,0,0,0,0,0,1,0,0,2,1,0,0,0,1,0,0,1,0,0,0,0,17,5,3,1,1,1,2,2,2,3,0,1,2,2,0,0,0,0,0,0,0,1,0,0,0,0,0,0,0,2,1,0,0,0,0,0,1,0,0,0,0,0,0,3,0,0,0,0,0,0,0,0,2,0,0,0,7,0,0,0,0,0,0,0,0,0,2,0,1,0,0,8,7,0,0,0,0,0,0,0,0,0,0,0,0,1,0,21,0,0,0,0,1,0,21,0,4,0,0,0,0,0,0,0,0,0,0,0,0,0,0,0,2,1,0,1,0,1,0,0,1,0,0,5,19,1,0,0,1,2,2,3,0,2,0,1,1,0,0,0,0,18,0,0,1,0,0,0,0,0,0,0,0,0,0,0,0,0,0,0,0,0,0,0,0,0,0,0,0,0,0,0,0,0,0,0,0,0,1,0,0,0,0,2,0,0,0,0,0,0,0,0,0,2,0,0,1,1,0,0,0,0,0,0,0,0,2,0,0,0,0,0,0,1,0,0,0,0,0,0,0,0,0,0,NA
TP3,0,1,0,0,0,14,0,0,1,59,0,1,0,0,0,0,0,6,0,0,0,1,0,0,0,1,1,0,1,3,3,2,1,2,1,0,0,0,0,1,0,0,0,0,0,0,0,0,1,0,1,0,0,2,0,0,0,0,0,0,0,0,0,0,0,0,0,0,0,0,0,1,0,0,0,0,2,0,0,0,0,1,0,0,1,0,0,2,1,0,2,0,0,1,0,0,0,0,0,0,0,0,0,0,0,0,0,0,0,0,0,0,3,1,0,0,0,0,1,1,3,0,0,0,0,4,0,0,0,1,0,1,0,0,3,1,0,1,0,1,0,0,0,0,0,0,0,0,0,0,0,3,0,1,1,1,0,0,0,0,0,1,0,0,0,0,0,1,3,0,0,0,0,0,0,0,0,1,0,0,0,3,1,0,2,0,0,0,0,0,0,4,0,1,0,0,5,9,0,0,0,8,0,3,2,1,0,1,0,2,0,0,22,0,0,0,0,0,0,19,6,3,0,0,0,0,0,0,0,0,0,0,0,1,0,0,0,2,0,0,2,0,5,0,0,1,0,0,2,65,0,0,0,0,2,3,0,1,6,0,1,3,0,0,3,0,11,0,0,0,0,0,0,2,0,0,0,0,0,0,0,0,0,1,0,1,0,0,0,0,0,0,0,0,0,1,0,0,0,0,0,0,0,0,0,0,0,0,2,0,0,0,0,0,0,0,0,0,1,0,0,0,0,0,0,1,1,0,0,0,0,2,0,0,0,0,0,1,0,0,0,0,0,0,0,2,0,1,0,NA
TP4,2,0,0,0,0,17,0,0,0,0,0,0,0,0,0,0,0,1,0,0,0,0,0,0,0,0,0,0,0,1,1,0,2,3,0,0,0,0,0,0,0,3,0,0,0,0,0,0,0,0,0,0,0,0,0,0,0,0,0,4,0,0,0,0,0,0,0,0,0,0,0,0,0,0,0,0,0,0,0,0,0,0,3,0,1,1,0,2,0,0,0,1,0,1,0,0,0,0,0,0,0,0,0,0,0,0,0,0,0,0,0,0,0,1,1,0,0,0,0,1,0,0,0,0,1,18,0,0,0,0,0,0,0,0,0,0,0,0,0,0,0,0,0,0,1,0,0,0,0,0,3,2,0,0,2,2,0,0,0,0,0,0,0,0,0,0,0,0,2,1,0,0,0,0,0,1,0,2,0,0,0,5,0,2,0,0,0,0,0,0,0,4,0,2,1,0,7,4,0,0,0,0,0,0,0,0,0,0,0,0,0,0,8,0,0,1,0,0,0,18,1,0,1,0,0,0,0,0,0,0,0,0,0,0,0,0,0,2,0,0,0,0,2,0,0,1,0,0,0,78,2,4,0,0,2,3,2,0,8,0,1,1,0,0,0,0,16,0,3,0,0,0,0,1,16,1,0,0,0,0,0,0,0,0,0,1,0,1,0,0,0,0,0,0,0,0,0,0,0,0,0,0,0,0,0,0,0,0,1,0,0,0,0,0,0,0,0,0,3,0,0,0,0,0,5,4,0,0,0,0,1,1,0,0,0,0,0,0,1,0,0,0,0,0,0,0,0,1,0,NA
TP5,2,2,0,0,0,18,0,0,0,35,0,1,0,0,0,0,0,7,2,0,0,0,0,0,0,2,0,0,0,1,0,0,2,0,0,0,0,0,0,1,0,1,0,0,1,0,0,0,0,1,0,0,0,0,0,0,1,2,0,0,0,0,0,0,0,0,0,0,0,1,0,0,0,0,0,0,0,2,0,0,0,0,2,0,0,0,0,0,0,0,0,2,0,0,0,0,0,0,0,0,0,0,0,0,0,0,0,0,1,0,0,0,1,1,0,0,0,1,4,1,0,0,0,0,0,1,0,0,0,1,0,0,0,0,0,0,0,0,0,0,0,0,0,0,0,0,0,0,0,0,3,7,1,0,0,2,0,0,0,0,0,2,0,0,0,0,0,0,2,0,0,0,1,1,0,1,0,1,0,0,0,8,0,2,4,0,0,0,0,0,0,9,0,3,1,0,23,9,0,0,0,5,0,4,0,0,0,0,0,3,0,0,31,0,1,0,0,2,0,26,2,0,0,0,0,0,0,0,0,0,0,0,0,0,0,0,0,1,2,0,2,0,0,0,0,1,0,0,2,13,1,2,0,0,1,2,0,0,1,0,0,4,0,0,0,0,3,0,3,0,0,0,0,0,0,0,0,0,0,0,0,0,0,1,0,0,0,0,0,0,0,0,0,0,0,0,0,0,0,0,0,1,0,0,0,0,0,0,4,0,1,0,0,0,0,0,0,0,6,0,0,1,1,0,1,5,1,1,0,0,1,4,0,0,0,0,0,0,0,0,0,0,0,0,0,0,0,1,0,NA
TP6,1,1,0,0,0,6,1,0,0,14,0,1,0,0,0,0,0,2,0,1,0,0,0,0,0,0,0,0,0,0,2,1,0,3,0,0,0,0,0,1,0,0,0,0,0,1,0,0,0,0,1,0,1,1,0,0,0,0,0,0,0,1,0,0,0,0,0,0,0,0,0,0,0,0,0,0,0,2,2,0,0,0,0,0,0,0,0,1,0,0,0,0,1,0,0,0,3,1,0,0,0,0,0,0,0,0,0,0,0,0,0,1,0,1,0,2,0,0,0,1,0,1,0,0,0,8,0,0,0,0,0,0,0,0,0,0,0,0,2,0,0,0,0,0,1,0,0,0,0,0,0,1,0,0,1,0,2,1,3,0,0,0,0,0,0,0,0,0,1,1,0,1,0,0,0,0,0,0,0,0,0,17,0,5,0,0,0,0,0,3,0,5,0,0,3,0,18,4,0,0,0,14,0,4,0,0,0,0,0,5,0,0,32,0,0,0,0,0,0,26,0,8,0,1,0,0,0,0,0,0,0,0,0,1,0,2,0,1,0,0,0,0,0,0,0,0,0,0,0,13,3,0,0,0,2,6,0,0,7,0,0,2,4,0,0,0,2,0,1,0,0,0,0,2,1,0,0,0,0,0,0,0,0,0,0,2,0,0,0,0,0,0,0,0,0,0,0,0,0,0,0,0,0,0,0,0,0,0,2,0,0,0,0,1,0,0,0,0,0,0,0,1,0,1,0,0,1,0,0,0,0,0,0,0,0,0,0,3,0,0,0,0,0,0,0,0,0,0,0,NA
TP7,0,1,0,0,0,18,0,0,0,0,0,2,0,0,0,0,0,0,0,0,0,0,0,0,0,0,0,0,0,0,4,0,0,1,1,0,0,0,0,1,0,0,2,0,0,0,0,0,0,0,0,0,1,0,1,0,0,0,0,0,0,0,0,0,0,0,0,0,0,0,0,0,0,0,0,0,0,5,1,0,0,0,1,0,0,1,0,3,0,0,0,1,1,0,0,0,0,0,0,1,0,0,0,0,0,0,0,1,0,0,0,0,0,2,1,0,0,1,0,0,0,0,0,0,0,29,0,0,0,0,0,0,0,0,0,0,0,0,0,0,1,0,0,0,0,0,0,0,0,0,10,0,0,0,0,1,0,1,0,0,0,1,0,1,0,0,0,0,0,0,0,0,0,0,0,1,0,1,0,0,0,5,0,0,0,0,0,0,0,0,2,9,0,7,0,0,17,14,0,0,0,3,0,2,0,0,0,0,0,0,0,0,5,0,0,0,0,0,0,28,0,1,0,0,0,0,0,0,0,0,0,2,0,0,0,1,0,4,2,0,0,1,1,0,0,0,0,0,3,20,3,0,0,0,1,2,0,0,3,0,0,12,0,0,0,0,3,0,0,1,0,0,0,1,26,0,0,0,0,0,0,0,0,0,0,0,0,0,0,0,0,0,0,0,0,0,0,0,0,0,0,0,0,0,0,0,0,0,1,0,0,0,0,0,0,1,0,0,0,0,0,1,0,0,0,0,0,0,0,0,0,7,0,0,0,0,0,0,0,0,0,1,0,0,0,0,0,0,0,NA
TP8,0,3,0,0,0,3,0,0,0,86,0,0,0,1,0,0,0,1,0,0,0,0,0,0,0,0,0,0,0,1,1,3,0,11,0,0,0,0,0,0,0,0,0,0,0,0,0,1,1,0,0,0,6,0,1,1,0,0,0,0,0,0,0,0,0,0,0,0,0,0,0,0,1,0,0,0,0,0,2,0,1,0,0,0,0,0,0,0,0,0,1,0,0,0,0,0,0,0,0,0,0,0,0,1,0,1,0,0,0,0,0,0,3,0,0,0,0,3,0,0,0,0,0,0,0,3,4,1,0,0,0,0,0,0,0,4,0,0,0,0,0,0,0,0,0,0,0,0,0,0,2,4,0,0,3,0,0,1,0,0,0,1,0,0,0,0,0,0,0,0,0,0,10,0,0,0,0,2,0,0,0,20,0,3,0,0,0,0,0,0,0,2,0,2,0,2,16,4,0,0,0,1,0,0,0,0,0,0,0,2,0,0,7,0,0,0,0,2,0,16,0,0,0,0,0,0,0,0,0,0,0,0,0,0,0,0,0,3,1,0,0,2,0,0,0,3,0,0,0,8,1,0,0,0,4,3,0,0,0,0,0,4,0,0,0,0,11,0,0,1,0,0,0,0,8,0,0,0,0,0,0,0,0,0,0,0,0,0,0,0,0,0,0,0,0,0,0,0,0,0,0,0,0,0,0,0,0,0,2,0,0,0,0,0,0,0,0,0,0,0,0,0,0,0,0,2,1,0,0,0,1,2,0,0,0,0,0,0,0,0,0,0,0,0,0,0,0,1,0,NA
TP9,0,0,0,0,0,12,0,0,0,28,0,0,1,0,0,0,0,3,0,0,0,0,0,0,0,0,0,0,0,0,1,0,1,0,0,0,0,0,0,0,0,0,0,0,1,0,0,0,0,0,0,1,0,0,0,0,0,0,0,0,0,0,0,0,0,0,1,0,0,0,0,0,0,0,0,0,0,1,0,0,0,0,0,0,0,0,0,0,0,0,1,0,0,0,0,0,0,0,0,0,0,0,0,0,0,0,0,0,0,0,0,0,1,0,0,0,0,1,0,0,0,0,0,0,0,0,0,0,0,0,0,0,0,0,0,0,0,0,0,0,0,0,0,0,0,0,0,2,0,0,2,0,0,1,0,0,0,1,0,0,0,0,0,0,0,0,0,0,0,0,0,0,0,0,0,0,0,2,0,0,0,7,0,0,0,0,0,0,0,0,0,8,0,1,0,0,7,6,0,0,0,0,0,0,0,0,0,0,0,0,0,0,22,0,0,0,0,0,0,7,0,1,0,0,0,0,0,0,0,0,0,0,0,0,0,0,0,5,0,0,0,0,0,0,0,1,0,0,0,0,0,0,0,0,0,5,0,0,1,0,0,0,1,0,0,0,4,0,0,0,0,0,0,1,11,0,0,0,0,0,0,0,0,0,0,0,0,0,1,0,0,0,0,0,0,0,0,0,0,0,0,1,1,0,0,0,0,0,0,0,0,0,0,0,0,0,0,1,0,0,0,0,0,0,2,1,0,0,0,0,0,0,0,2,0,0,0,0,1,0,0,0,0,0,0,0,0,0,0,NA
TP10,0,1,1,0,0,2,0,0,0,18,0,1,0,0,0,0,0,2,9,0,0,0,0,0,0,0,0,0,0,0,0,0,0,0,0,0,0,0,0,0,0,1,0,0,0,0,0,1,0,0,0,0,0,1,0,0,0,0,0,0,0,0,0,0,0,0,0,1,0,1,0,0,0,0,0,0,0,1,0,0,0,1,0,0,1,0,0,0,0,0,0,0,0,0,0,0,0,0,0,0,0,0,0,0,0,0,0,0,0,0,0,0,0,0,1,4,0,2,0,0,0,0,0,0,1,11,0,1,0,0,0,0,0,0,0,0,0,0,0,1,0,0,0,0,0,0,0,0,0,0,2,2,0,0,1,1,0,0,0,0,0,1,0,0,0,0,2,0,0,0,0,0,0,0,1,1,1,0,0,0,0,11,0,1,1,0,0,0,0,0,3,7,0,2,0,0,6,3,0,0,0,0,0,2,0,0,0,4,0,0,0,0,52,0,1,0,0,0,0,6,0,0,0,0,0,0,0,1,0,0,0,0,0,4,0,0,1,8,0,0,0,0,0,0,0,0,0,0,0,4,1,0,0,0,0,1,0,0,0,0,0,1,0,0,0,0,4,0,0,0,0,0,0,0,30,0,6,0,0,0,0,0,0,0,0,6,0,0,0,0,0,0,0,0,0,0,0,0,0,0,0,0,1,0,0,0,0,0,0,0,0,0,0,0,0,0,0,0,0,0,0,0,0,0,2,1,0,1,0,1,0,3,0,0,0,0,0,0,1,0,0,0,0,0,0,0,0,0,0,NA
TP11,0,2,0,0,0,2,0,1,1,42,0,1,0,0,0,0,0,2,1,0,0,0,0,0,0,0,0,0,0,0,0,0,1,4,0,0,0,0,0,0,1,0,0,0,2,0,0,0,1,0,0,0,0,0,0,1,0,0,0,0,0,0,1,0,0,0,0,0,0,0,0,0,0,0,0,0,0,1,0,0,0,0,0,0,0,0,0,0,0,0,0,2,0,0,0,0,0,0,0,0,1,0,0,0,0,0,0,0,0,0,0,0,0,6,0,1,0,0,1,0,0,0,0,0,0,2,0,1,0,0,0,0,0,2,0,0,0,0,0,1,0,0,0,0,0,0,0,0,0,0,2,0,0,0,0,3,0,2,0,0,0,0,0,0,0,0,1,0,0,2,0,2,0,0,0,0,1,1,0,0,0,19,2,1,0,0,0,0,0,1,0,6,0,1,0,0,12,4,0,0,0,0,0,3,0,0,0,0,0,0,0,0,16,0,0,0,0,0,0,5,1,1,0,0,0,0,0,0,0,0,0,0,0,0,0,0,0,2,12,0,0,0,0,0,0,1,0,0,2,4,0,0,0,0,2,1,0,0,0,2,0,0,0,0,0,0,9,0,0,0,0,0,0,0,0,0,4,0,0,0,0,0,0,0,0,1,2,0,0,0,0,0,0,0,1,0,0,0,0,0,0,0,1,0,0,0,0,0,1,0,0,0,0,0,0,0,0,1,0,0,0,0,0,0,1,0,0,0,0,0,0,0,0,1,0,0,0,0,0,0,0,0,0,1,0,0,0,1,0,NA
TP12,0,0,0,0,0,14,0,0,0,7,0,0,0,0,0,0,0,0,1,0,0,0,0,0,0,0,0,0,0,0,0,1,2,1,0,0,0,0,0,1,0,0,0,0,0,0,0,0,1,0,1,1,1,0,0,0,0,0,0,0,0,0,0,1,0,0,1,0,0,0,0,0,0,0,0,0,0,0,0,0,0,0,2,0,0,0,0,0,0,0,0,1,0,0,0,0,0,0,0,0,0,0,0,1,0,0,0,0,0,0,0,0,0,1,0,1,0,1,0,1,0,0,0,1,0,1,2,0,0,0,0,0,0,0,0,1,0,0,0,0,1,1,0,0,0,0,0,0,0,0,4,0,0,0,7,0,0,2,0,0,0,0,0,0,0,0,2,0,0,0,0,0,0,0,0,0,0,0,1,0,0,5,0,0,0,0,0,0,0,1,0,4,0,0,0,0,15,1,0,1,0,0,0,4,0,0,0,0,0,3,0,0,33,1,0,0,0,0,0,11,1,4,0,0,0,0,0,0,0,0,0,1,0,2,0,5,1,2,1,0,0,0,0,0,0,0,0,0,4,1,2,0,0,0,3,6,1,0,2,0,0,3,0,0,0,0,10,0,1,1,1,1,1,0,56,0,0,0,0,0,0,0,0,0,0,0,1,0,0,0,0,0,0,0,0,0,0,0,0,0,0,0,0,0,0,0,0,0,0,0,0,0,0,0,0,0,1,1,0,0,0,0,0,0,1,0,0,2,0,0,0,0,0,1,0,0,0,2,0,0,0,0,0,0,0,0,0,0,0,NA
TP13,3,0,0,0,0,1,0,0,5,1,0,0,0,0,0,0,0,2,1,0,0,0,0,0,0,1,0,0,0,0,0,0,0,0,0,0,0,0,0,1,0,0,0,0,0,3,0,0,0,0,0,0,0,0,0,0,0,0,0,0,0,0,0,0,0,1,0,0,0,0,0,0,0,0,0,0,0,0,1,0,0,0,0,0,0,0,0,1,0,0,1,0,0,0,0,0,2,0,0,0,0,0,0,0,0,0,0,1,0,0,0,0,1,0,0,0,0,0,1,1,0,0,0,0,0,3,1,1,0,0,1,0,0,0,1,0,0,0,0,0,0,0,0,0,0,0,0,0,0,0,5,1,0,0,0,0,0,0,1,0,0,0,0,0,0,0,0,0,0,0,0,0,3,0,0,0,1,0,0,1,0,1,0,0,0,0,0,0,0,0,0,8,0,0,0,1,6,5,0,0,0,2,0,0,0,0,0,0,0,0,0,0,9,0,1,0,0,0,0,5,0,1,0,0,0,0,0,0,0,0,1,0,0,0,0,6,0,2,0,0,0,0,0,0,0,3,0,0,2,1,0,1,0,0,6,3,0,0,0,0,0,3,0,0,0,0,14,0,0,0,0,0,0,0,7,0,5,0,0,0,0,0,0,0,0,2,0,0,0,0,1,0,0,0,0,0,0,0,0,0,0,0,0,0,0,0,0,0,0,0,0,0,0,0,0,0,0,0,0,0,0,0,0,0,0,0,0,0,0,0,0,2,0,1,0,0,0,0,0,0,0,0,0,0,0,0,0,0,0,NA
TP14,0,2,0,0,0,3,0,0,0,42,0,0,3,0,0,0,0,1,0,0,0,0,0,0,0,0,0,0,0,0,0,1,1,1,0,0,0,0,0,0,0,0,0,0,0,2,0,1,0,0,0,0,1,0,0,0,1,0,0,0,0,0,0,0,0,1,0,0,0,1,0,0,0,0,0,0,0,0,1,0,0,0,0,0,0,0,0,1,0,0,0,1,1,0,0,1,1,0,0,0,0,0,0,0,0,1,0,0,0,0,0,1,1,0,0,0,0,1,0,1,0,0,1,1,0,4,2,0,2,0,0,0,0,0,0,0,0,0,1,0,0,0,0,0,0,0,0,0,0,0,2,0,0,1,1,4,0,0,0,0,0,1,0,0,1,1,1,0,0,1,0,1,1,0,0,0,2,0,0,0,0,39,0,0,0,2,0,0,0,1,0,1,0,0,0,0,7,3,0,0,0,0,0,2,0,0,1,0,0,3,0,0,57,0,0,0,0,0,0,7,0,2,0,0,0,0,0,0,0,0,0,0,0,0,0,0,0,4,2,0,0,4,0,0,0,1,0,0,2,8,1,0,0,0,0,7,0,0,2,0,0,0,1,0,0,0,11,0,0,0,0,0,0,0,27,0,5,0,0,0,0,0,0,0,0,1,0,0,0,0,0,1,0,0,1,0,0,0,0,0,0,0,0,0,0,0,0,0,0,0,0,0,1,0,0,0,0,0,0,0,0,0,0,0,2,5,0,2,0,0,0,0,0,0,0,0,0,0,0,0,0,0,0,0,0,0,0,0,0,NA
TP15,0,1,0,0,0,27,1,0,1,20,0,0,2,0,0,0,0,1,0,0,0,0,0,0,0,0,0,0,0,0,0,1,0,2,2,0,0,0,0,0,0,0,0,0,0,0,0,0,1,0,2,0,1,1,0,0,0,0,0,0,0,0,0,0,0,0,0,0,0,0,0,0,0,0,0,0,0,2,1,0,0,1,1,0,0,0,0,0,0,0,0,0,0,0,0,2,0,0,0,0,0,0,0,0,0,0,0,0,0,0,0,0,1,1,0,0,0,1,0,0,0,0,0,0,0,5,1,3,0,0,0,0,0,1,0,0,0,0,1,0,0,0,0,0,1,0,0,0,0,0,15,0,0,0,2,6,0,0,0,0,1,1,0,0,0,0,1,0,1,1,0,0,0,0,0,0,0,1,0,0,0,15,0,0,0,1,0,0,0,1,4,8,0,0,1,2,14,10,0,0,0,0,0,0,0,0,0,0,0,0,0,0,13,0,2,0,0,0,0,4,0,3,0,0,0,0,0,0,0,0,3,0,0,0,0,2,0,4,0,0,0,0,0,1,0,0,0,0,2,10,4,0,0,1,2,7,0,0,0,0,0,0,0,0,0,0,17,0,0,1,0,0,0,0,193,0,0,1,0,0,0,0,0,0,0,0,0,0,0,0,0,0,0,0,0,0,0,0,0,0,0,0,1,0,0,0,0,0,1,2,0,0,0,0,0,0,0,0,0,0,0,0,0,0,2,0,0,0,0,0,0,2,0,0,0,0,0,0,1,0,0,0,0,0,1,0,0,0,0,NA
IS1,1,0,0,0,0,0,0,0,0,0,0,0,0,0,0,0,0,0,0,4,0,0,0,0,0,0,0,0,0,0,0,0,0,0,0,0,0,0,0,0,22,0,0,0,0,0,0,0,0,0,0,0,0,0,0,0,0,0,0,0,0,0,0,0,0,0,0,0,0,0,0,0,0,0,0,0,0,2,0,0,0,1,0,0,1,0,0,1,0,0,0,0,0,0,0,0,0,0,0,0,0,0,0,0,0,0,0,0,1,0,0,0,0,0,0,0,0,0,0,0,0,0,0,0,0,1,0,0,0,0,0,0,0,0,0,0,0,0,0,0,0,0,0,0,0,0,0,0,0,0,0,0,0,0,0,0,0,0,0,0,0,0,0,0,0,0,0,0,4,0,0,0,0,0,0,0,0,4,0,0,0,2,0,0,0,0,0,0,0,0,2,0,0,3,0,0,2,1,0,0,0,0,0,1,0,0,0,0,0,0,0,0,1,0,0,0,0,0,0,5,0,0,0,0,0,0,0,0,0,0,0,0,0,0,0,1,0,2,0,0,0,0,4,0,0,0,0,0,1,0,1,2,0,0,6,0,0,0,16,0,0,2,0,0,0,0,12,0,0,2,0,0,0,2,3,3,0,0,0,0,0,0,0,0,0,0,0,1,0,0,1,0,2,0,0,0,0,0,0,0,0,0,0,0,0,0,0,0,0,2,0,0,0,1,2,3,0,0,5,0,0,5,0,0,3,2,0,0,0,0,2,2,0,0,0,0,1,0,0,0,0,0,0,0,0,0,0,5,0,NA
IS2,3,0,0,0,0,0,0,0,0,0,0,0,0,0,0,0,0,0,0,7,1,0,0,1,0,0,0,0,0,0,0,0,0,0,0,0,0,1,0,0,42,47,0,0,0,0,0,0,0,0,0,0,0,0,0,0,0,0,0,0,0,0,0,0,0,0,0,0,0,0,0,0,0,0,0,0,0,3,0,0,0,0,0,0,0,0,0,0,0,0,0,0,0,0,0,0,0,0,0,0,0,0,0,0,0,0,0,0,0,0,0,0,0,0,1,0,0,0,0,0,0,0,0,0,0,5,0,0,0,0,0,0,0,0,0,0,0,0,0,0,0,0,0,0,0,0,0,0,0,0,0,0,0,0,1,1,0,0,0,0,0,0,0,0,0,0,0,0,1,0,0,0,0,0,0,0,0,7,0,0,0,3,0,0,0,0,0,0,0,2,0,0,0,4,0,0,1,0,0,0,0,0,0,1,0,0,0,0,0,0,0,0,1,0,0,0,0,0,0,5,0,1,0,0,0,0,0,0,0,0,0,0,0,0,6,2,0,2,0,0,0,0,0,0,0,0,0,2,1,0,0,1,0,0,3,1,0,0,9,0,0,7,0,0,0,0,11,0,0,3,0,0,0,0,0,0,0,0,0,0,0,0,0,0,0,0,0,0,0,0,0,0,0,0,0,0,0,0,0,0,0,0,0,2,0,0,0,0,0,0,0,0,0,0,4,0,0,0,6,0,0,7,0,0,0,1,0,0,0,0,1,6,0,0,0,0,0,3,0,0,0,0,0,0,0,0,0,3,0,NA
IS3,1,0,0,0,0,0,0,0,0,1,0,0,0,0,0,0,0,0,0,3,0,0,0,0,0,0,0,0,0,0,0,0,0,0,0,0,0,0,0,0,25,20,0,0,0,0,0,0,0,0,1,0,0,0,0,0,0,0,0,0,0,0,0,0,0,0,0,0,0,0,0,0,0,0,0,0,0,4,0,0,0,1,0,0,0,0,0,0,0,0,0,0,0,0,0,0,0,0,0,0,0,0,0,0,0,0,0,0,0,0,0,0,0,0,0,0,0,0,0,0,0,0,0,0,0,5,1,0,0,0,0,0,0,0,1,0,0,0,0,0,0,0,0,0,2,0,0,0,0,0,0,0,0,0,0,1,0,0,0,0,0,2,0,0,0,0,1,0,0,0,0,0,0,0,0,0,0,6,0,0,0,5,0,0,0,0,0,1,0,0,0,0,0,2,0,0,0,0,0,0,0,0,0,0,0,0,0,0,0,0,0,0,1,0,0,0,0,0,0,5,0,0,0,0,0,0,0,0,0,0,0,0,0,0,0,5,0,0,0,0,0,0,2,0,0,2,1,0,3,0,0,1,0,0,10,1,0,0,13,0,0,3,0,0,0,0,2,0,0,1,0,1,0,0,0,4,0,0,0,0,0,0,0,1,0,0,0,0,0,0,0,0,2,0,0,0,0,0,0,0,0,0,0,1,0,0,1,0,0,0,0,0,0,2,4,0,0,1,1,0,0,3,0,0,1,1,0,0,0,0,0,6,0,0,0,0,0,0,0,0,0,0,0,0,0,1,0,8,0,NA
IS4,0,0,0,0,0,0,0,0,0,0,0,0,0,0,0,0,0,0,0,5,0,0,0,0,0,0,0,0,0,0,0,0,0,0,0,0,0,0,1,1,61,70,0,0,0,0,0,0,0,0,0,0,0,0,0,0,0,0,0,0,0,0,0,0,0,0,0,0,0,0,0,0,0,0,0,0,0,1,0,0,0,0,0,0,0,0,0,0,0,0,0,0,0,0,0,0,0,0,0,0,0,0,0,0,0,0,0,0,0,0,0,0,0,0,0,0,0,0,0,0,0,0,0,0,0,7,0,0,0,0,0,0,0,0,0,0,0,0,0,0,0,0,0,0,0,0,0,0,0,0,0,0,0,0,1,1,0,0,0,0,0,0,0,0,0,0,0,0,2,0,0,0,0,0,0,0,0,6,0,0,0,11,0,0,0,0,0,0,0,0,1,0,0,0,0,0,1,0,0,0,0,0,0,1,0,0,0,1,0,0,0,0,2,0,0,0,0,0,0,2,0,0,0,0,0,0,0,0,0,0,0,0,0,0,0,9,0,2,0,0,0,0,0,0,0,1,0,0,1,0,2,7,0,0,9,0,0,0,13,0,0,1,1,0,0,0,6,0,0,1,0,0,0,7,3,0,0,0,0,0,0,0,0,0,0,0,0,0,0,0,1,0,1,0,0,0,0,0,0,0,0,0,0,1,0,0,0,0,0,1,0,0,0,5,3,0,0,1,0,0,0,0,0,0,0,3,0,0,0,0,0,7,0,1,0,0,1,0,0,0,1,0,0,0,0,0,0,5,0,NA
IS5,0,0,0,0,0,0,0,0,0,0,0,0,0,0,0,0,0,0,0,6,0,0,0,1,0,0,0,0,0,1,0,1,0,0,0,0,0,0,0,0,44,13,1,0,0,0,0,0,0,0,1,0,0,0,0,0,0,0,0,0,0,0,0,0,0,0,0,0,0,0,0,0,0,0,0,0,0,5,1,0,0,1,0,0,0,0,0,0,0,0,0,0,0,0,0,0,0,0,0,0,0,0,0,0,0,0,0,0,0,0,0,0,0,2,0,0,0,0,0,0,0,0,0,0,0,2,0,0,0,0,0,0,0,0,0,0,0,0,0,0,0,0,0,0,0,0,0,0,0,0,0,1,0,0,1,0,0,1,0,0,0,2,0,0,0,0,0,0,1,2,0,0,0,0,0,0,0,8,0,0,0,4,0,0,0,0,0,0,0,5,0,0,0,2,1,0,1,1,0,0,0,0,0,1,0,0,0,0,0,0,0,0,0,0,0,0,0,0,0,9,0,0,0,0,0,0,0,0,0,0,1,0,0,0,1,7,1,1,0,0,0,1,0,0,3,1,0,0,3,0,2,9,0,0,18,1,0,0,9,0,0,7,0,0,0,0,9,0,0,5,0,0,0,2,0,4,0,0,0,0,0,0,0,0,0,0,0,0,0,0,2,0,0,0,0,0,0,0,0,0,0,0,0,1,0,0,0,0,4,0,0,0,0,4,4,0,0,13,2,1,0,3,0,0,6,0,0,0,1,0,1,11,0,0,0,0,0,0,1,0,0,0,0,0,0,0,0,10,2,NA
IS6,0,0,0,0,0,0,0,0,0,0,0,2,0,0,0,0,0,0,0,7,0,0,0,0,0,0,0,0,0,0,0,1,3,0,0,0,0,0,0,0,25,31,0,0,0,0,0,0,0,0,0,0,0,0,0,0,0,0,0,0,0,0,0,0,0,0,0,0,0,0,0,0,0,0,0,0,0,5,0,0,0,0,0,0,0,0,0,1,0,0,0,0,0,0,0,0,0,0,0,0,0,0,0,0,0,0,0,0,0,0,0,0,0,0,0,0,0,0,0,0,0,0,0,0,0,12,0,0,0,0,0,0,0,0,0,0,0,0,0,0,0,0,0,0,0,0,0,0,0,0,0,0,0,0,2,1,0,0,1,0,0,0,0,0,0,0,0,0,0,0,0,0,0,0,0,0,0,7,0,0,0,5,0,0,0,0,0,0,0,7,0,0,0,9,0,0,2,2,0,0,0,0,0,2,0,0,0,0,0,0,0,0,0,0,0,1,0,0,0,9,0,0,0,0,0,0,0,0,0,0,0,0,0,0,6,8,0,0,2,0,0,3,0,0,1,2,0,0,6,0,2,1,0,0,18,0,0,0,18,0,0,6,0,0,0,0,6,0,0,4,0,0,0,6,4,1,0,0,0,0,1,0,0,0,0,0,0,0,0,0,1,0,2,0,0,0,3,0,0,0,0,0,0,3,0,1,0,1,0,0,0,0,0,2,5,0,0,2,6,0,0,0,0,0,7,4,0,0,0,0,0,9,0,0,0,0,0,3,0,0,0,0,0,0,0,0,0,9,1,NA
IS7,0,0,0,0,0,0,0,0,0,0,0,1,0,0,0,0,0,0,0,3,0,0,0,1,0,0,0,0,0,0,0,0,0,0,0,0,0,0,0,0,56,40,0,0,0,0,0,0,0,0,0,0,0,0,0,0,0,0,0,1,0,0,1,0,0,0,0,0,0,0,0,0,0,0,0,0,0,7,0,0,0,0,0,0,0,0,0,0,0,0,0,0,0,0,0,0,0,0,0,0,0,0,0,0,0,0,0,0,0,0,0,0,0,0,0,0,0,0,0,0,0,0,0,0,1,3,0,0,0,0,0,0,0,0,0,0,0,0,0,0,0,0,0,0,0,0,0,0,0,0,1,0,0,0,2,0,0,0,0,0,0,2,1,0,0,0,1,0,2,1,0,0,0,0,0,0,0,11,0,0,0,0,0,0,0,0,0,0,0,1,1,0,0,0,0,0,1,0,0,0,0,0,0,0,0,0,0,0,0,0,0,0,1,0,0,0,0,0,0,2,0,0,0,0,0,0,0,0,0,0,0,0,0,0,0,5,0,2,1,0,2,3,0,0,2,1,0,0,4,0,2,3,0,0,26,0,0,0,20,0,0,0,0,0,0,0,13,0,0,13,0,0,0,8,0,0,0,0,0,0,0,0,0,1,0,0,0,1,0,0,4,0,0,0,0,0,0,0,0,0,0,0,2,0,1,0,0,0,0,0,0,0,0,0,11,0,1,0,2,1,0,2,0,0,1,1,0,0,1,0,0,9,0,0,0,0,0,1,0,0,0,0,0,0,0,0,0,7,1,NA
IS8,0,0,0,0,0,0,0,0,0,0,0,0,0,0,0,0,0,0,0,4,0,0,0,1,0,0,0,0,0,0,0,0,0,0,0,0,0,0,0,0,56,47,1,0,0,0,0,0,0,0,0,0,1,0,0,0,0,0,0,0,0,0,1,0,0,0,0,0,0,0,0,0,0,0,0,0,0,7,0,0,0,0,0,0,0,0,0,3,0,0,0,0,0,0,0,0,0,0,0,0,0,0,0,0,0,0,0,0,0,0,0,0,0,0,0,0,0,0,0,0,0,0,0,0,0,0,0,0,0,0,0,0,0,0,0,0,0,0,0,0,0,0,0,0,0,0,0,0,0,0,0,0,0,0,0,0,0,0,0,0,0,0,1,0,0,0,0,0,0,2,0,0,0,0,0,0,0,7,0,0,0,3,0,0,0,0,0,0,0,5,0,0,0,2,0,0,0,1,0,1,0,0,0,1,0,0,0,0,0,0,0,0,2,0,0,0,0,0,0,4,0,0,0,0,0,0,0,0,0,0,0,0,0,0,1,1,0,8,2,0,0,0,0,1,1,4,0,0,2,0,1,4,0,0,13,0,1,0,13,0,0,6,1,3,0,0,4,0,0,2,3,0,0,5,2,4,0,0,0,0,0,0,0,0,0,0,0,0,0,0,1,0,2,0,0,0,2,0,0,0,0,0,1,4,1,1,0,3,1,0,0,0,0,14,15,0,0,1,0,1,0,2,0,0,3,1,0,0,1,0,0,10,0,0,0,0,1,2,0,0,1,0,0,0,0,0,0,13,0,NA
IS9,0,0,0,0,0,0,1,0,0,0,0,0,0,0,0,0,2,0,0,5,0,0,0,0,0,0,0,0,0,0,0,0,0,0,0,0,0,0,0,0,11,9,0,0,0,0,0,0,0,0,0,0,0,0,0,0,0,0,0,0,0,0,0,0,0,1,0,0,0,0,0,0,0,0,0,0,0,4,0,0,0,2,0,0,1,0,0,0,0,0,0,0,0,0,0,0,0,0,0,2,0,0,0,0,0,0,0,0,0,0,0,0,0,0,0,0,0,0,0,0,0,0,0,0,1,8,0,0,0,0,0,0,0,0,0,0,0,0,0,0,0,0,0,0,0,0,0,0,0,0,0,0,0,0,0,1,0,0,0,0,0,3,0,0,0,0,1,0,7,0,0,0,0,0,0,0,0,6,0,0,0,1,0,0,0,0,0,0,0,0,0,0,0,0,0,0,5,1,1,0,0,0,0,0,0,0,0,0,0,0,0,0,0,0,0,0,0,0,3,1,0,0,0,0,0,0,0,0,0,0,0,0,0,0,1,3,1,4,0,0,0,0,0,0,1,2,0,0,5,1,2,9,0,0,33,0,0,0,19,0,0,10,0,0,0,0,2,0,0,5,0,0,0,7,2,0,1,0,0,0,0,2,0,0,0,0,0,0,0,0,0,0,0,0,0,0,3,0,0,0,0,0,0,2,0,0,0,0,0,0,0,0,1,2,7,0,0,3,0,1,0,2,0,0,1,1,0,0,2,0,0,7,0,0,0,0,0,0,0,0,0,0,0,0,0,0,0,13,0,NA
IS10,0,0,0,0,0,0,0,0,0,0,0,0,0,0,0,0,0,0,0,6,0,0,0,0,1,0,0,0,0,0,0,0,0,1,0,0,0,0,0,0,21,15,0,0,0,0,0,0,0,0,0,0,0,0,0,0,0,0,0,0,0,0,0,0,0,0,0,0,0,0,0,0,0,0,0,0,0,1,0,0,0,0,0,0,0,0,0,0,0,0,0,0,0,0,0,1,0,0,0,1,0,0,0,0,0,0,0,0,0,0,0,0,0,0,0,0,0,0,0,0,0,0,0,0,0,2,0,0,0,0,0,0,0,0,0,0,0,0,0,0,0,0,0,0,0,0,0,0,0,0,0,0,0,0,0,0,0,0,0,0,0,1,0,0,0,0,0,0,1,2,0,0,0,0,0,0,0,2,0,0,0,0,0,0,0,0,0,0,0,0,0,0,0,0,0,0,9,1,0,0,0,0,0,0,0,0,0,0,0,0,0,0,0,1,0,0,0,0,1,6,0,0,0,0,0,0,0,0,0,0,0,0,0,0,1,4,0,2,0,0,0,0,0,0,0,3,1,0,5,0,1,2,0,0,11,0,0,0,17,1,0,9,0,0,0,0,2,0,0,3,0,0,0,0,3,1,0,0,0,0,0,0,0,0,0,0,0,0,0,0,2,0,2,0,0,0,1,0,0,0,0,0,0,2,0,0,0,0,1,0,0,0,0,3,8,1,0,6,1,3,0,0,0,0,2,1,0,0,2,0,0,3,0,0,0,0,0,0,1,0,0,0,0,0,0,0,0,15,0,NA
IS11,0,0,0,0,0,0,0,0,0,0,0,0,0,0,0,1,0,0,0,1,0,0,0,0,0,0,0,0,0,0,0,0,0,0,0,0,0,0,0,0,7,5,0,0,0,0,0,0,0,0,0,0,0,0,0,0,0,0,0,0,0,0,0,0,0,0,0,0,0,0,0,0,0,0,0,0,0,1,0,0,0,0,0,0,1,0,0,0,0,0,0,0,0,0,0,0,0,0,0,0,0,0,0,0,0,0,0,0,0,0,0,0,0,0,0,0,0,0,0,0,0,0,0,0,0,0,0,0,0,0,0,0,0,0,0,0,0,0,0,0,0,0,0,0,0,0,0,0,0,0,0,0,0,0,0,1,0,0,0,0,0,0,0,0,0,0,0,0,1,1,0,0,0,0,0,0,0,3,0,0,0,1,0,0,0,0,0,0,0,0,2,0,0,0,0,0,7,0,0,0,0,0,0,3,0,0,0,0,0,0,0,0,1,0,0,0,0,0,3,3,0,0,0,0,0,0,0,0,0,0,0,0,0,0,1,0,0,0,2,0,0,0,0,0,0,0,0,0,1,0,0,5,0,0,19,0,0,0,16,0,0,6,0,0,0,0,0,2,0,2,0,0,0,0,6,0,0,1,0,0,0,0,0,0,0,0,0,1,0,0,2,0,1,0,0,0,1,2,0,0,0,0,2,0,0,0,0,1,0,0,0,0,0,1,1,1,0,7,1,1,0,4,0,0,5,1,0,0,0,0,0,5,0,0,0,0,0,1,1,0,0,0,0,0,0,0,0,10,0,NA
IS12,0,0,0,0,0,0,0,0,0,0,0,0,0,0,0,0,0,0,0,2,0,0,0,1,0,0,0,0,0,0,0,0,0,0,0,0,0,0,0,0,6,9,0,0,0,0,0,0,0,0,0,0,0,0,0,0,0,0,0,0,0,0,0,0,0,0,0,0,0,0,0,0,0,0,0,0,0,1,0,0,0,0,0,0,0,0,0,1,0,0,0,0,0,0,0,0,0,0,0,0,0,0,0,0,0,0,0,0,0,0,0,0,0,0,0,0,0,0,0,0,0,0,0,0,0,1,0,0,0,0,0,0,0,0,0,0,0,0,0,0,0,0,0,0,0,0,0,0,0,0,0,0,0,0,0,1,0,0,0,0,0,0,0,0,0,0,0,0,0,1,0,0,0,0,0,0,0,1,0,0,0,0,0,0,0,0,0,0,0,4,0,0,0,1,0,0,8,3,0,0,0,0,0,1,0,0,0,0,0,0,0,0,1,0,0,0,0,0,1,1,0,0,0,0,0,0,0,0,0,0,0,0,0,0,1,4,0,0,0,0,0,0,1,0,0,2,1,0,1,0,3,1,0,0,13,0,0,0,23,0,0,8,0,0,0,0,0,0,0,2,0,0,0,0,3,0,0,0,0,0,0,2,0,0,0,0,0,0,0,0,1,0,2,0,0,0,0,0,0,0,0,0,2,2,0,0,4,0,0,0,0,0,0,2,7,0,0,8,1,0,0,1,0,0,0,0,0,0,2,0,0,5,0,0,0,0,0,0,0,0,0,0,0,0,0,0,0,10,0,NA
IS13,0,0,0,0,0,0,0,1,0,0,0,0,0,0,0,0,0,0,0,2,0,0,0,0,0,0,0,0,0,0,0,0,0,0,0,0,0,0,0,0,16,8,0,0,0,0,0,0,0,0,0,0,0,0,0,1,0,0,0,0,0,0,0,0,0,0,0,0,0,0,0,0,0,0,0,0,0,3,0,0,0,0,0,0,0,0,0,2,0,0,0,0,0,0,0,0,0,0,0,0,0,0,0,0,0,0,0,0,0,0,0,1,0,0,0,0,0,0,0,0,0,0,0,0,2,1,0,0,0,0,0,0,0,0,0,0,0,0,0,0,0,0,0,0,0,0,1,0,0,0,1,0,0,0,0,1,0,0,0,0,0,3,0,0,0,0,2,0,2,0,0,0,0,0,0,0,0,3,0,0,0,0,0,0,0,0,0,0,0,2,0,0,0,0,0,0,4,4,0,0,0,0,0,1,0,0,0,0,0,0,0,0,1,0,0,0,0,0,0,2,0,0,0,0,0,0,0,0,0,0,0,0,0,0,6,4,0,0,1,0,0,0,0,0,1,3,0,1,2,1,0,9,0,0,12,0,0,0,13,0,0,14,0,0,0,0,2,0,0,1,0,0,0,1,3,2,0,0,0,0,0,3,0,0,0,0,0,0,0,0,3,0,4,0,0,0,0,0,0,0,0,1,0,0,0,0,0,1,1,0,0,0,1,7,20,2,0,2,0,0,0,3,0,0,4,0,0,0,0,0,0,7,0,0,0,0,0,0,0,0,0,0,0,0,0,0,0,17,0,NA
IS14,0,0,0,0,0,0,0,0,0,0,0,0,0,0,0,0,0,0,0,2,0,0,0,0,0,0,0,0,0,1,0,0,0,0,0,0,0,0,0,0,11,1,0,0,0,0,0,0,0,0,0,0,0,0,0,0,0,0,0,0,0,0,0,0,0,0,0,0,0,0,0,0,0,0,0,0,0,2,0,0,0,0,0,0,0,0,0,0,0,0,0,0,0,0,0,0,0,0,0,0,0,0,0,0,0,0,0,0,0,0,0,0,0,0,0,0,0,0,0,0,0,0,0,0,0,1,0,0,0,0,0,0,0,0,0,0,0,0,1,0,0,0,0,0,0,0,0,0,0,0,0,0,0,0,0,2,0,0,0,0,0,2,0,0,0,0,0,0,1,0,0,0,0,0,0,0,0,4,0,0,0,0,0,0,0,0,0,0,0,1,0,0,0,0,0,0,3,5,0,0,0,0,0,0,0,0,0,0,0,0,0,0,3,0,0,0,0,0,2,1,0,0,0,0,0,0,0,0,0,0,0,0,0,0,1,3,0,0,2,0,0,0,0,0,0,3,1,0,0,3,0,2,0,0,21,0,0,0,16,0,0,9,1,0,0,0,1,0,0,2,0,0,0,12,7,1,0,0,0,0,0,0,0,0,0,0,0,1,0,0,0,0,2,0,0,0,2,0,0,0,0,0,1,1,0,0,0,0,1,0,0,0,0,0,7,0,0,0,3,0,0,4,0,0,0,2,0,0,0,0,2,3,0,0,0,0,0,0,1,0,1,0,0,0,0,0,0,11,0,NA
IS15,0,2,0,0,0,0,0,0,0,1,0,0,0,0,0,0,0,0,0,2,0,0,0,1,0,0,0,0,0,0,0,0,0,0,0,0,1,0,0,0,13,2,0,0,0,0,0,0,0,0,0,0,0,0,0,0,0,0,0,0,0,0,0,0,0,0,0,0,0,0,0,0,0,0,0,0,0,3,0,0,0,0,0,0,0,0,0,1,0,0,0,0,0,0,0,0,0,0,0,0,0,0,0,0,0,0,0,0,0,0,0,0,0,0,0,0,0,0,0,0,0,0,0,0,0,3,0,0,0,0,0,0,0,0,0,0,0,0,0,0,0,0,0,0,0,0,0,0,0,0,0,0,0,0,0,1,0,0,6,0,0,0,0,0,0,0,0,0,1,0,0,0,0,0,0,0,0,3,0,0,0,1,0,0,0,0,0,0,0,0,0,0,0,1,0,0,1,4,0,0,0,0,0,3,0,0,0,0,0,0,0,0,0,0,0,0,0,0,1,3,0,0,0,1,0,0,0,0,0,0,0,0,0,0,1,2,0,2,0,0,0,0,0,0,0,1,0,0,4,1,1,1,0,0,12,0,0,0,17,0,0,70,1,0,0,0,1,0,0,2,0,2,0,2,8,1,0,0,0,0,0,0,0,0,0,0,0,0,0,0,2,0,4,0,0,0,0,1,0,0,0,0,0,1,0,0,0,0,0,0,0,0,0,1,14,1,0,5,5,0,0,9,0,0,1,5,0,0,4,0,0,6,0,0,0,0,0,0,3,0,0,0,0,0,0,0,0,7,2,NA
PS1,0,2,0,0,0,69,0,0,0,0,0,0,0,0,0,0,0,0,0,3,0,0,0,1,0,0,0,0,0,0,0,0,4,0,0,0,0,0,0,4,15,5,0,0,1,0,0,12,0,0,1,0,0,0,0,0,1,1,0,0,0,0,3,0,0,0,0,0,0,0,0,0,0,0,2,0,0,3,0,0,0,0,0,0,1,0,0,0,0,0,0,0,1,0,0,0,0,0,0,0,0,0,0,0,0,0,0,0,0,0,0,0,0,3,0,0,0,0,0,0,0,0,0,0,0,12,1,0,0,0,0,0,0,0,0,0,0,0,0,0,0,0,0,0,0,0,0,0,0,0,1,0,0,1,1,1,0,0,0,0,0,2,0,0,0,0,0,0,0,0,3,0,0,0,0,0,0,12,0,0,0,19,0,1,0,0,0,0,0,0,0,3,0,7,1,1,2,2,0,0,0,2,2,3,0,0,0,0,0,0,4,1,15,0,0,0,1,0,0,18,1,0,0,0,0,0,0,0,0,0,0,0,0,0,1,6,0,2,0,0,0,1,0,0,1,1,0,0,10,5,7,0,0,0,4,4,0,0,7,0,0,3,1,0,0,1,40,0,0,1,1,0,0,1,17,1,0,0,0,0,0,0,0,0,0,8,0,1,0,0,0,0,1,0,0,0,0,0,0,0,0,0,1,0,0,1,2,0,5,0,0,0,0,4,3,1,0,3,0,0,0,1,0,0,2,2,0,0,1,0,0,6,0,0,0,0,0,2,0,0,0,0,0,0,0,0,0,0,0,NA
PS2,0,2,0,0,0,70,0,0,0,1,0,1,0,0,0,0,0,0,0,0,0,0,0,0,0,0,0,0,0,0,0,0,0,3,2,0,0,0,0,0,2,0,0,0,0,0,0,0,0,0,0,0,0,1,0,0,0,0,0,0,0,0,0,0,0,0,0,0,0,0,0,0,0,0,0,0,0,1,0,0,0,1,0,0,0,0,0,1,0,0,0,0,0,0,0,1,0,0,0,0,0,0,0,0,1,0,0,0,0,0,0,0,2,3,0,0,0,0,0,0,1,0,0,0,0,5,1,0,0,0,0,0,0,0,0,0,0,0,0,0,0,0,0,0,0,0,0,0,0,0,0,0,0,0,1,0,0,0,0,0,0,0,0,0,0,0,0,0,0,0,0,1,0,0,0,0,0,2,0,0,0,24,0,2,0,0,0,0,1,1,4,4,0,4,0,1,0,3,0,0,0,2,0,3,0,0,0,0,0,0,5,0,4,0,0,0,0,1,0,27,1,0,0,0,0,0,0,0,0,0,0,0,0,0,0,0,0,0,0,0,0,0,0,0,0,0,0,0,18,3,7,1,0,1,1,3,0,0,13,0,0,10,0,0,0,1,1,0,0,0,0,0,0,0,9,1,0,0,0,0,0,0,0,0,0,1,0,0,0,0,0,0,0,0,0,0,0,0,0,0,0,0,0,0,0,0,0,0,0,0,0,0,0,0,0,0,0,0,0,0,0,0,0,0,3,6,0,0,0,0,0,4,0,0,0,0,0,0,0,0,0,0,0,0,0,0,0,0,0,NA
PS3,0,16,1,0,0,14,0,0,0,0,0,0,0,0,0,0,0,0,0,2,0,0,0,0,0,0,0,0,0,0,0,0,3,0,0,0,0,0,0,2,4,5,0,0,0,0,0,0,1,0,0,0,1,0,0,0,0,0,0,0,0,0,0,0,0,0,0,0,0,0,0,1,0,0,0,0,0,3,1,0,0,0,0,0,0,0,0,0,0,0,0,0,0,0,0,0,0,0,0,0,0,0,0,0,0,0,0,0,0,0,0,0,0,1,0,0,0,1,0,0,2,0,0,0,0,5,0,0,0,0,1,2,0,0,0,0,0,0,0,0,0,0,0,0,0,0,0,0,0,0,0,0,0,0,2,0,0,1,0,0,1,0,0,0,0,0,1,0,2,0,0,0,1,0,0,1,0,6,0,0,0,39,0,0,0,0,0,0,0,2,0,0,0,4,1,1,1,2,0,0,0,4,0,1,0,0,0,0,0,0,1,0,3,0,0,0,0,0,0,11,0,0,0,0,0,0,0,0,0,0,2,0,2,0,1,2,2,1,1,0,0,0,1,0,0,0,0,0,14,15,7,0,0,0,11,1,0,0,2,0,0,11,0,0,0,0,26,0,1,1,0,1,0,0,8,0,0,0,0,0,0,0,0,0,0,2,0,0,0,0,2,0,1,0,0,0,0,0,0,0,0,0,0,1,0,0,0,0,1,0,0,1,0,0,2,0,0,0,2,0,0,2,0,0,2,1,0,0,0,0,0,4,0,0,0,0,0,1,1,0,0,0,0,0,0,0,0,5,0,NA
PS4,0,11,1,0,0,11,0,0,0,0,0,0,0,0,0,0,0,0,1,0,0,0,0,0,0,0,0,0,0,0,0,1,0,0,0,0,0,0,0,1,8,3,0,0,0,0,0,0,1,0,0,0,0,1,0,0,0,0,0,0,0,0,0,0,1,0,0,0,0,0,0,0,0,0,0,0,0,9,1,0,0,0,1,0,2,0,0,0,0,0,0,0,0,0,0,1,0,0,0,0,0,0,0,0,0,0,0,0,0,0,0,0,1,0,0,0,1,0,0,0,2,0,0,0,0,7,2,0,0,0,0,0,0,0,0,0,0,1,0,0,0,0,0,1,0,0,0,0,0,0,0,2,0,0,2,0,0,0,1,0,0,0,0,0,0,0,0,0,0,2,0,0,0,0,0,0,0,12,0,0,0,55,0,0,0,0,0,0,0,1,1,1,0,2,0,2,1,1,0,0,0,0,0,2,0,0,0,0,0,0,0,0,5,0,0,0,1,0,0,23,0,0,0,0,0,0,0,0,0,0,0,0,0,0,0,2,0,0,0,0,0,0,0,0,0,1,0,0,13,4,5,6,0,0,15,1,0,0,12,0,0,6,1,0,0,4,24,0,0,1,0,1,0,0,21,0,0,0,0,0,0,0,0,0,0,0,0,0,0,0,0,0,0,0,0,0,0,0,0,0,0,0,0,0,0,0,0,0,0,0,0,0,0,0,0,0,0,1,2,0,0,0,0,1,4,5,0,0,2,0,0,9,0,1,0,0,0,3,0,0,0,0,1,0,0,0,0,1,0,NA
PS5,1,14,0,0,0,27,0,0,0,0,0,1,0,0,7,0,0,0,0,1,0,0,0,0,0,0,0,0,0,0,0,3,0,1,0,0,0,0,0,5,11,3,0,0,1,0,0,0,0,0,0,0,0,0,0,0,0,0,0,0,0,0,0,0,0,0,0,0,0,0,0,0,0,0,0,0,0,6,1,0,0,2,1,0,1,0,0,1,0,0,0,0,0,0,0,0,0,0,0,0,0,0,0,1,0,0,0,0,0,0,0,0,0,0,0,0,0,1,0,1,1,0,0,0,0,12,1,0,0,0,0,0,0,0,0,0,0,0,0,0,0,0,0,1,3,0,0,0,0,0,3,0,0,0,1,1,0,0,1,0,0,0,0,0,0,0,0,0,0,1,0,0,0,0,0,0,2,6,0,1,0,57,0,0,3,0,0,0,0,8,1,1,0,4,2,2,0,6,0,1,0,0,0,0,0,0,0,0,0,0,0,0,3,0,0,0,0,1,0,22,1,1,0,0,0,0,0,0,0,0,1,0,0,0,0,3,0,2,0,0,0,2,0,0,0,2,0,1,21,22,14,1,0,0,6,3,0,0,31,0,0,9,3,0,0,0,25,0,1,2,0,0,0,0,42,6,0,0,0,0,0,0,0,0,0,0,0,0,0,0,0,0,0,0,0,0,0,0,0,0,0,0,0,3,0,0,0,1,0,0,0,0,0,3,4,0,0,1,0,1,0,4,0,0,1,3,0,0,0,0,0,11,0,0,0,0,1,1,0,0,0,0,0,0,0,0,0,4,1,NA
PS6,0,4,1,0,0,27,0,0,0,0,0,4,0,0,0,0,0,0,0,0,0,0,0,0,0,0,0,0,0,0,1,1,0,0,0,0,0,0,0,0,6,4,0,0,0,0,0,0,0,0,0,0,1,0,1,0,0,0,0,0,0,0,0,0,0,0,0,0,0,0,0,0,0,0,0,0,0,10,2,0,0,0,0,0,0,0,0,3,0,0,0,1,0,0,0,0,0,0,0,0,0,0,0,0,0,0,0,0,0,0,0,0,1,0,0,0,0,1,0,0,2,2,0,0,1,22,6,0,0,0,0,1,0,0,1,0,0,0,1,0,0,0,0,0,1,0,0,0,0,1,0,0,0,0,4,0,0,0,1,0,0,1,0,0,0,0,0,0,0,0,0,0,0,0,0,0,0,10,0,0,0,28,0,1,0,0,0,0,0,2,2,4,0,6,0,0,5,5,0,0,0,1,1,2,0,0,0,0,0,0,1,1,2,0,1,0,0,0,0,40,0,1,0,0,0,0,0,0,0,0,2,0,0,0,1,9,0,0,0,0,0,0,0,0,0,0,0,0,10,46,7,1,0,0,9,0,0,0,51,0,0,6,0,0,0,0,16,0,3,6,0,0,0,0,22,1,0,0,0,0,0,0,0,2,0,0,0,0,0,0,1,0,0,0,0,0,0,0,0,0,0,0,0,5,0,0,0,0,0,2,0,0,2,2,1,0,0,2,0,0,0,4,0,0,4,5,0,0,0,0,0,9,0,0,0,0,0,0,1,0,0,0,0,0,0,0,0,3,0,NA
PS7,0,5,0,0,0,39,0,0,0,0,0,0,0,0,0,0,0,0,0,2,0,0,0,0,0,0,0,0,0,1,0,0,0,0,0,0,0,0,0,0,12,8,0,0,0,0,0,0,0,0,0,0,0,0,0,0,0,0,0,0,0,0,0,0,0,0,0,0,0,0,0,0,0,0,0,0,0,1,0,0,0,0,0,0,0,0,0,0,0,0,0,0,0,0,0,0,0,0,0,0,0,0,0,0,1,0,0,0,0,0,0,0,0,0,0,0,0,0,0,0,0,0,0,0,0,13,8,0,0,0,0,0,0,0,0,0,0,0,0,0,0,0,0,0,0,0,0,0,0,0,1,0,0,0,2,1,0,0,0,0,0,1,0,0,0,0,0,0,0,0,0,0,0,0,0,0,0,25,0,0,0,27,0,0,0,0,0,0,0,1,1,0,0,10,0,4,0,0,0,0,0,0,0,1,0,0,0,0,0,0,0,0,2,0,0,0,0,1,0,23,3,0,0,0,0,0,0,0,0,0,0,0,0,0,0,5,0,1,1,0,0,0,0,0,0,0,0,0,1,4,2,2,0,0,7,2,0,0,77,0,0,10,1,0,0,0,3,0,2,1,0,0,0,0,26,1,0,0,0,0,0,0,0,0,0,0,0,1,0,0,0,0,0,0,0,0,0,2,0,0,0,0,0,1,0,2,0,0,1,0,0,0,0,1,3,1,0,3,0,0,0,3,0,0,1,6,0,0,0,0,0,8,0,0,0,0,0,0,0,0,0,0,0,0,0,0,0,4,0,NA
PS8,0,1,0,0,0,2,0,0,0,0,0,0,0,0,0,0,0,0,0,1,0,0,0,0,0,0,0,0,0,0,0,1,2,1,0,0,0,0,0,2,30,19,0,0,2,0,0,0,0,0,0,0,1,0,0,0,0,0,0,0,0,0,0,3,1,0,0,0,0,0,0,0,0,0,0,0,0,8,1,0,0,4,0,0,1,0,0,2,0,1,0,0,0,0,0,0,0,0,0,0,0,0,0,0,0,0,0,0,0,0,0,0,0,1,0,0,0,0,0,0,0,0,0,0,0,17,1,0,0,0,0,0,0,0,0,0,0,0,1,0,0,0,0,0,2,0,0,0,0,0,3,0,0,0,2,0,0,1,0,1,0,0,0,0,0,0,0,0,0,0,0,0,0,0,0,0,0,3,0,0,0,30,0,2,0,0,0,0,0,2,0,0,0,1,0,0,3,0,0,0,0,0,3,0,0,0,0,1,0,0,0,0,1,0,1,0,0,0,0,7,0,0,0,0,0,0,0,0,0,0,3,0,0,0,0,1,0,1,0,0,0,0,0,0,0,0,0,1,5,17,4,2,0,0,1,1,0,0,2,0,0,3,0,0,0,1,29,0,0,2,0,0,0,0,20,0,0,0,0,0,0,0,0,0,1,0,0,1,0,0,0,0,0,0,0,0,0,0,0,0,0,0,0,1,0,0,0,0,3,0,0,0,0,4,0,0,0,0,0,0,0,0,0,0,2,3,0,0,2,0,0,7,0,0,0,0,0,1,0,0,0,0,0,0,1,0,0,1,0,NA
PS9,0,4,0,0,0,3,0,0,0,0,0,0,0,0,0,0,0,0,0,1,0,0,0,0,0,0,0,0,0,0,0,1,1,1,0,0,0,0,0,1,23,18,0,0,0,0,0,1,0,0,0,0,0,0,0,0,0,0,0,0,0,0,0,1,1,0,0,0,0,0,0,0,0,0,0,0,0,10,0,0,0,5,0,0,0,0,0,0,0,0,0,0,0,0,0,1,0,0,0,0,0,0,0,0,0,0,0,0,0,0,0,0,0,0,0,0,0,0,0,0,0,0,0,0,0,25,0,0,0,0,1,0,0,0,0,0,0,0,0,0,0,0,0,0,0,0,0,0,0,0,1,0,0,0,0,0,0,0,0,0,0,0,0,1,0,0,0,0,0,0,0,0,0,0,0,0,0,5,0,0,0,24,0,2,0,0,0,0,1,0,4,1,0,2,1,0,3,2,0,0,0,0,1,0,0,0,0,0,0,1,1,0,3,0,0,0,0,0,0,4,0,0,0,0,0,0,0,0,0,0,1,0,0,0,0,1,0,0,1,0,0,0,1,0,0,0,3,0,4,8,2,0,0,0,3,2,0,0,5,0,0,1,0,0,0,0,11,1,0,2,1,0,0,0,15,0,0,0,0,0,0,0,0,1,0,0,0,0,0,0,0,0,0,0,0,0,0,0,0,0,0,0,0,1,0,0,0,0,1,0,0,0,0,0,7,0,0,1,0,0,0,0,0,0,2,2,0,0,0,0,0,1,0,0,0,0,0,2,0,0,0,0,0,0,0,0,0,2,1,NA
PS10,0,7,0,0,0,7,0,0,0,0,0,0,0,1,0,0,0,0,0,1,0,0,0,0,0,0,0,0,0,1,0,0,0,1,0,0,0,0,0,1,28,15,0,0,0,0,0,0,1,0,0,0,0,0,0,0,0,0,0,1,0,0,0,2,0,0,0,0,0,0,0,0,0,0,0,0,0,14,1,0,0,1,0,0,1,0,0,5,0,0,0,0,0,0,0,1,0,0,0,1,0,0,0,0,0,0,0,0,0,0,0,1,0,1,1,0,0,0,0,2,0,0,0,0,1,19,0,0,0,0,0,0,0,0,0,0,0,0,2,0,0,0,0,0,5,0,0,0,0,0,1,0,0,0,2,1,1,2,1,0,0,0,0,0,0,0,0,0,1,0,0,0,0,0,0,0,0,6,0,0,0,65,12,2,0,0,0,0,0,0,2,2,0,3,0,0,2,1,0,0,0,0,0,1,0,0,0,0,0,0,0,1,6,0,0,0,0,1,0,6,0,0,0,0,0,0,0,0,0,0,0,0,0,0,0,5,0,2,2,0,0,0,0,1,0,0,0,0,6,24,8,0,0,0,6,0,0,0,10,0,0,8,5,0,0,0,49,0,0,1,0,0,0,2,41,2,0,0,0,0,0,0,0,0,1,0,0,1,0,0,1,0,1,0,0,0,0,0,0,0,0,0,0,2,0,0,0,0,3,1,0,0,0,2,9,1,1,0,1,0,0,3,0,0,1,1,0,0,0,0,0,7,0,0,0,0,0,4,0,0,2,0,0,0,0,0,0,0,2,NA
PS11,0,3,0,0,0,24,0,0,0,0,0,3,0,0,0,0,0,0,0,2,0,0,0,0,0,0,0,0,0,2,0,0,2,1,0,0,0,0,0,0,13,1,0,0,1,0,0,0,0,0,0,0,0,1,0,0,0,0,0,0,0,0,0,0,0,0,0,0,0,2,0,0,0,0,0,0,2,2,0,0,0,7,1,0,0,0,0,1,0,0,0,0,0,0,0,0,0,0,1,0,0,0,0,0,1,0,0,0,0,0,0,0,0,0,0,0,0,1,0,0,1,0,0,0,0,32,1,0,0,0,1,0,0,0,0,0,0,0,0,1,1,0,0,0,0,7,0,0,0,0,0,0,0,0,2,0,0,1,1,0,0,0,0,0,0,0,1,0,0,1,0,0,0,0,0,0,1,7,0,0,0,31,0,0,0,0,0,0,0,0,1,1,0,2,0,2,7,1,0,0,0,0,0,1,0,0,0,0,0,0,2,0,3,0,0,0,0,0,0,19,1,0,0,0,0,0,0,0,0,0,1,0,0,0,0,6,0,0,0,0,0,0,1,0,1,0,0,0,8,51,8,0,0,0,6,5,0,0,12,0,0,27,0,0,0,0,37,0,0,4,0,0,0,0,81,1,0,0,0,0,0,0,0,0,0,0,0,0,0,0,0,0,0,0,0,0,0,0,0,0,0,0,0,2,0,0,0,0,1,0,0,0,0,1,7,0,0,0,1,2,0,2,0,0,3,5,0,0,0,0,0,12,0,0,1,0,0,1,0,0,1,0,0,0,0,0,0,4,0,NA
PS12,0,13,0,0,0,10,0,0,0,0,0,1,0,0,0,0,0,0,0,1,0,0,0,0,0,0,0,0,0,0,1,0,1,1,0,0,0,0,0,0,1,5,0,0,1,0,0,0,0,0,0,0,0,1,0,0,0,0,0,0,0,0,0,0,0,0,0,0,0,0,0,0,0,0,0,0,0,8,3,0,0,4,0,0,0,0,0,3,0,0,0,1,0,0,0,0,0,0,0,0,0,0,0,0,0,1,0,0,0,0,0,0,0,2,1,0,0,0,0,1,0,0,0,0,0,29,1,0,0,0,0,0,0,0,0,0,0,0,0,2,0,0,0,0,5,0,0,0,0,0,1,0,0,0,0,1,0,1,1,0,0,1,0,0,0,0,0,0,0,2,0,0,0,0,0,0,0,9,0,0,0,50,0,2,0,0,0,0,0,1,2,2,0,3,0,0,9,2,0,0,0,0,1,4,0,0,0,1,0,0,1,1,4,0,1,0,1,0,0,18,2,1,0,0,0,0,0,0,0,0,0,1,0,0,0,5,0,2,0,0,0,0,0,0,0,0,0,0,13,75,3,2,0,0,15,7,0,0,33,1,0,27,0,0,0,0,44,1,1,4,0,0,0,1,38,1,0,0,0,0,0,0,0,0,0,0,0,0,0,0,2,0,0,0,0,0,0,0,0,0,0,0,0,0,0,0,0,1,0,0,0,0,0,1,9,1,0,1,1,0,0,2,2,0,3,6,0,0,2,0,0,14,0,0,0,0,0,0,0,0,0,0,0,0,0,0,0,15,0,NA
PS13,1,4,0,0,0,5,0,0,0,0,0,4,2,0,0,0,0,0,0,0,0,0,0,0,0,0,0,0,0,2,0,0,0,0,0,0,0,0,0,1,22,15,0,0,0,0,0,0,0,0,0,0,0,0,0,0,0,0,0,0,0,0,0,0,0,0,0,0,0,0,0,0,0,0,0,0,0,4,0,0,0,1,0,0,2,5,0,1,0,0,0,1,0,0,0,0,0,0,0,1,1,0,0,0,0,0,0,0,0,0,0,0,0,0,1,0,0,0,0,0,0,1,0,0,0,15,0,0,0,0,0,0,0,0,1,0,0,0,1,2,0,0,0,0,0,0,0,0,0,0,4,0,0,0,2,0,0,2,2,0,0,0,0,0,0,0,1,0,0,11,1,0,0,0,0,0,0,8,0,0,0,67,0,1,0,0,0,0,0,0,1,3,0,2,1,1,5,1,0,0,0,0,0,1,0,0,0,0,0,0,0,1,7,0,0,0,0,1,0,18,0,1,0,0,0,0,0,0,0,0,0,0,0,0,0,5,0,0,0,0,0,0,1,0,0,1,0,0,8,58,9,1,0,0,13,1,0,0,17,0,0,37,0,0,0,0,37,0,0,5,1,0,0,13,78,0,0,0,0,0,0,0,0,0,0,0,0,0,0,0,0,0,2,0,0,0,0,0,0,0,0,0,0,1,0,0,1,0,2,0,0,1,0,0,1,0,0,1,0,1,0,4,0,0,2,2,0,0,1,0,0,6,0,0,0,0,0,1,0,0,0,0,0,0,0,0,1,5,1,NA
PS14,0,4,0,0,0,1,0,0,0,0,0,0,0,0,0,0,0,0,0,0,0,0,0,0,0,0,0,0,0,0,0,1,1,1,0,0,0,0,0,0,11,15,0,0,1,0,0,0,0,0,0,0,1,3,0,0,0,0,0,1,0,0,1,0,0,0,0,0,0,0,0,0,0,0,0,0,0,2,0,0,0,0,0,0,1,0,0,2,0,0,0,0,0,0,0,0,0,0,0,0,0,0,0,0,1,0,0,0,0,0,0,0,0,0,1,0,0,0,0,0,0,0,0,0,0,9,2,0,0,0,0,0,0,0,0,0,0,0,0,1,0,0,0,0,0,0,0,0,0,0,0,1,0,0,1,1,0,1,0,0,0,3,0,0,0,0,0,0,0,0,0,0,0,0,0,0,0,2,0,0,0,22,0,1,0,0,0,0,0,2,0,0,0,1,0,0,2,4,0,0,0,0,0,1,0,0,0,0,0,0,0,0,2,0,0,0,0,0,0,3,0,0,0,0,0,0,0,0,0,0,0,0,0,0,0,8,0,1,0,0,0,0,0,1,0,2,0,0,2,15,1,1,0,0,6,1,0,0,0,0,0,15,0,0,0,0,25,0,4,0,0,0,0,0,28,0,0,0,0,0,0,0,0,0,0,0,0,0,0,0,0,0,0,0,0,0,0,0,0,0,0,0,0,1,0,0,0,1,0,0,0,0,0,0,2,0,0,0,0,0,0,2,0,0,0,5,0,0,0,0,0,4,0,0,0,0,0,0,1,0,0,0,0,0,0,0,0,3,0,NA
PS15,1,4,0,0,0,4,0,0,0,0,0,0,0,0,0,0,0,0,0,0,0,0,0,0,0,0,0,0,0,0,0,0,2,0,0,0,0,0,0,0,5,4,0,0,0,0,0,0,0,0,0,0,0,0,0,0,0,0,0,2,0,0,0,0,0,0,0,1,0,0,0,0,0,0,0,1,0,0,1,0,0,1,1,0,0,0,0,1,0,0,0,0,0,0,1,1,1,0,0,0,0,0,0,0,0,0,0,0,0,0,0,0,0,0,0,0,0,1,0,0,0,0,0,0,0,10,0,0,0,0,0,0,0,0,0,0,0,0,0,0,0,0,0,0,0,0,0,0,0,0,3,1,0,0,0,1,0,0,0,0,0,0,0,1,0,0,0,0,0,0,0,0,0,0,0,0,0,1,0,0,0,27,0,0,0,0,0,0,0,2,0,2,0,1,0,0,1,4,0,0,0,0,1,3,0,0,0,0,0,0,0,0,3,0,0,0,0,0,0,7,0,0,0,0,0,0,0,0,0,0,0,0,0,0,0,7,0,0,0,0,0,0,1,0,0,0,0,0,4,20,3,9,0,0,7,2,0,0,0,0,0,30,0,0,0,0,24,0,1,1,0,0,0,0,49,2,0,0,0,0,0,0,0,1,0,0,0,0,0,0,0,0,0,0,0,0,0,0,0,0,0,0,0,0,0,0,0,0,0,1,0,0,0,1,0,0,0,0,0,1,0,1,0,0,1,3,0,0,1,0,0,1,0,0,0,0,0,0,0,0,0,0,0,0,0,0,1,3,3,NA